-- --------------------------------------------------------
-- Host:                         127.0.0.1
-- Server Version:               10.2.11-MariaDB - mariadb.org binary distribution
-- Server Betriebssystem:        Win64
-- HeidiSQL Version:             9.4.0.5125
-- --------------------------------------------------------

/*!40101 SET @OLD_CHARACTER_SET_CLIENT=@@CHARACTER_SET_CLIENT */;
/*!40101 SET NAMES utf8 */;
/*!50503 SET NAMES utf8mb4 */;
/*!40014 SET @OLD_FOREIGN_KEY_CHECKS=@@FOREIGN_KEY_CHECKS, FOREIGN_KEY_CHECKS=0 */;
/*!40101 SET @OLD_SQL_MODE=@@SQL_MODE, SQL_MODE='NO_AUTO_VALUE_ON_ZERO' */;


-- Exportiere Datenbank Struktur für organisation
CREATE DATABASE IF NOT EXISTS `organisation` /*!40100 DEFAULT CHARACTER SET utf8 */;
USE `organisation`;

-- Exportiere Struktur von Tabelle organisation.gruppe
CREATE TABLE IF NOT EXISTS `gruppe` (
  `uuid` char(36) NOT NULL,
  `parentuuid` char(36) DEFAULT NULL,
  `organisationuuid` char(36) NOT NULL,
  `name` varchar(255) NOT NULL,
  `version` int(11) NOT NULL DEFAULT 0,
  PRIMARY KEY (`organisationuuid`,`uuid`),
  KEY `uuid` (`uuid`),
  KEY `gruppe-gruppe` (`parentuuid`),
  CONSTRAINT `gruppe-gruppe` FOREIGN KEY (`parentuuid`) REFERENCES `gruppe` (`uuid`) ON DELETE CASCADE,
  CONSTRAINT `gruppe-organisation` FOREIGN KEY (`organisationuuid`) REFERENCES `organisation` (`uuid`) ON DELETE CASCADE
) ENGINE=InnoDB DEFAULT CHARSET=utf8;

-- Exportiere Daten aus Tabelle organisation.gruppe: ~608 rows (ungefähr)
/*!40000 ALTER TABLE `gruppe` DISABLE KEYS */;
INSERT INTO `gruppe` (`uuid`, `parentuuid`, `organisationuuid`, `name`, `version`) VALUES
	('eedae', NULL, 'aaaaa', 'Some Name', 0),
	('adedd', NULL, 'aaaac', 'Some Name Umbenannt', 0),
	('cbaee', NULL, 'aaaac', 'Some Name', 0),
	('ebedc', NULL, 'aaabb', 'Some Name', 0),
	('ccdee', NULL, 'aaabd', 'Some Name Umbenannt', 0),
	('bbdab', NULL, 'aaacc', 'Some Name Umbenannt', 0),
	('bdbbc', 'aeaac', 'aaacc', 'Some Name', 0),
	('bbecb', NULL, 'aaadd', 'Some Name', 0),
	('cccdd', NULL, 'aaaeb', 'Some Name Umbenannt', 0),
	('aaacd', NULL, 'aaaee', 'Some Name Umbenannt', 0),
	('bdbcc', NULL, 'aabaa', 'Some Name Umbenannt', 0),
	('acdcc', NULL, 'aabad', 'Some Name Umbenannt', 0),
	('eacda', NULL, 'aabad', 'Some Name', 0),
	('cddac', NULL, 'aabbc', 'Some Name', 0),
	('ecbea', NULL, 'aabdb', 'Some Name', 0),
	('debbe', NULL, 'aacad', 'Some Name', 0),
	('ededb', NULL, 'aaccb', 'Some Name Umbenannt', 0),
	('dedda', 'ecaac', 'aacdc', 'Some Name', 0),
	('ecaac', NULL, 'aacdc', 'Some Name', 0),
	('bbecd', NULL, 'aaceb', 'Some Name', 0),
	('baaea', NULL, 'aadca', 'Some Name', 0),
	('ceccd', NULL, 'aadda', 'Some Name Umbenannt', 0),
	('adecc', NULL, 'aadea', 'Some Name', 0),
	('badcc', NULL, 'aadea', 'Some Name', 0),
	('baaed', NULL, 'aaded', 'Some Name Umbenannt', 0),
	('edcad', NULL, 'aaded', 'Some Name Umbenannt', 0),
	('aadba', NULL, 'aaeaa', 'Some Name Umbenannt', 0),
	('deacd', NULL, 'aaeac', 'Some Name', 0),
	('cadae', NULL, 'aaeba', 'Some Name Umbenannt', 0),
	('cecab', 'dacca', 'aaebb', 'Some Name', 0),
	('ebeae', NULL, 'aaebd', 'Some Name Umbenannt', 0),
	('ecead', NULL, 'aaeda', 'Some Name Umbenannt', 0),
	('caecc', NULL, 'abacd', 'Some Name Umbenannt', 0),
	('adddb', NULL, 'abadb', 'Some Name Umbenannt', 0),
	('aedab', NULL, 'abaeb', 'Some Name Umbenannt', 0),
	('eddae', NULL, 'abaeb', 'Some Name Umbenannt', 0),
	('acacc', NULL, 'abaec', 'Some Name Umbenannt', 0),
	('ceeae', NULL, 'abcaa', 'Some Name', 0),
	('dcccd', NULL, 'abcaa', 'Some Name', 0),
	('bedba', NULL, 'abcca', 'Some Name Umbenannt', 0),
	('eadab', NULL, 'abcca', 'Some Name', 0),
	('bedcc', NULL, 'abccc', 'Some Name', 0),
	('eedaa', NULL, 'abccc', 'Some Name', 0),
	('eadda', NULL, 'abcdc', 'Some Name Umbenannt', 0),
	('aaeea', NULL, 'abcde', 'Some Name', 0),
	('cbdbc', NULL, 'abcea', 'Some Name', 0),
	('dbdea', NULL, 'abdad', 'Some Name Umbenannt', 0),
	('ccbba', NULL, 'abdba', 'Some Name', 0),
	('dcaca', NULL, 'abdcb', 'Some Name Umbenannt', 0),
	('bdbab', NULL, 'abeda', 'Some Name', 0),
	('aeaac', NULL, 'acaad', 'Some Name', 0),
	('bddab', NULL, 'acace', 'Some Name', 0),
	('ebeee', NULL, 'acaee', 'Some Name', 0),
	('caacd', NULL, 'acbad', 'Some Name', 0),
	('bcbae', NULL, 'acbca', 'Some Name Umbenannt', 0),
	('caadb', NULL, 'acbca', 'Some Name Umbenannt', 0),
	('ebbcb', NULL, 'acbca', 'Some Name', 0),
	('cdcda', NULL, 'acbcb', 'Some Name Umbenannt', 0),
	('ceddd', NULL, 'acbdb', 'Some Name Umbenannt', 0),
	('bedec', NULL, 'accae', 'Some Name', 0),
	('debde', NULL, 'accae', 'Some Name Umbenannt', 0),
	('eabca', NULL, 'accae', 'Some Name Umbenannt', 0),
	('aebad', NULL, 'accba', 'Some Name', 0),
	('acadc', NULL, 'accbd', 'Some Name Umbenannt', 0),
	('cacae', NULL, 'accbd', 'Some Name Umbenannt', 0),
	('dbccc', NULL, 'accbd', 'Some Name', 0),
	('dbcab', NULL, 'accce', 'Some Name Umbenannt', 0),
	('bdebe', NULL, 'accea', 'Some Name Umbenannt', 0),
	('ceebc', NULL, 'accea', 'Some Name Umbenannt', 0),
	('bbada', NULL, 'accee', 'Some Name Umbenannt', 0),
	('cacbc', 'ddebb', 'acdaa', 'Some Name', 0),
	('ccabd', NULL, 'acdac', 'Some Name Umbenannt', 0),
	('bcabd', NULL, 'acdad', 'Some Name Umbenannt', 0),
	('ccdbc', NULL, 'acdad', 'Some Name', 0),
	('daeba', NULL, 'acdad', 'Some Name Umbenannt', 0),
	('deaad', NULL, 'acdbc', 'Some Name', 0),
	('dcbbe', 'ecbbb', 'acdbd', 'Some Name Umbenannt', 0),
	('bbaac', NULL, 'acdcb', 'Some Name', 0),
	('ebbce', NULL, 'acdce', 'Some Name Umbenannt', 0),
	('adedb', NULL, 'acdda', 'Some Name', 0),
	('dcadb', NULL, 'acdeb', 'Some Name', 0),
	('ccadd', NULL, 'aceac', 'Some Name', 0),
	('cdaed', NULL, 'aceac', 'Some Name Umbenannt', 0),
	('bcecc', NULL, 'acead', 'Some Name', 0),
	('ababd', NULL, 'acedb', 'Some Name Umbenannt', 0),
	('eedad', NULL, 'acedb', 'Some Name', 0),
	('caded', NULL, 'aceec', 'Some Name', 0),
	('aecab', NULL, 'adadc', 'Some Name Umbenannt', 0),
	('deead', NULL, 'adadc', 'Some Name Umbenannt', 0),
	('aebcc', NULL, 'adaeb', 'Some Name Umbenannt', 0),
	('debee', NULL, 'adaeb', 'Some Name Umbenannt', 0),
	('abedd', NULL, 'adbba', 'Some Name Umbenannt', 0),
	('dacca', NULL, 'adbbe', 'Some Name Umbenannt', 0),
	('dbdee', NULL, 'adbca', 'Some Name Umbenannt', 0),
	('abaaa', NULL, 'adbcb', 'Some Name', 0),
	('ddeac', NULL, 'adccc', 'Some Name', 0),
	('acadb', NULL, 'adceb', 'Some Name', 0),
	('baeea', 'daead', 'addca', 'Some Name Umbenannt', 0),
	('eeeba', NULL, 'adddb', 'Some Name Umbenannt', 0),
	('becdd', 'bcaba', 'adead', 'Some Name', 0),
	('aaabc', 'aaacb', 'adebc', 'Some Name Umbenannt X', 0),
	('eaabc', NULL, 'adece', 'Some Name Umbenannt', 0),
	('abebb', NULL, 'adedb', 'Some Name Umbenannt', 0),
	('becad', NULL, 'aeacb', 'Some Name', 0),
	('cccac', NULL, 'aeace', 'Some Name', 0),
	('eccbe', NULL, 'aeace', 'Some Name Umbenannt', 0),
	('ebaac', NULL, 'aeaeb', 'Some Name Umbenannt', 0),
	('aaebd', NULL, 'aeaec', 'Some Name Umbenannt', 0),
	('daaad', NULL, 'aebbd', 'Some Name Umbenannt', 0),
	('cccbe', NULL, 'aebcc', 'Some Name', 0),
	('beadb', NULL, 'aebce', 'Some Name Umbenannt', 0),
	('deecb', NULL, 'aebce', 'Some Name', 0),
	('dcbac', 'bcbbb', 'aebee', 'Some Name Umbenannt', 0),
	('ebacd', NULL, 'aecab', 'Some Name', 0),
	('adaab', 'eedbc', 'aecae', 'Some Name', 0),
	('cbeed', NULL, 'aecce', 'Some Name Umbenannt', 0),
	('bebca', NULL, 'aeced', 'Some Name', 0),
	('bcede', NULL, 'aecee', 'Some Name', 0),
	('addde', NULL, 'aedba', 'Some Name', 0),
	('cebcd', NULL, 'aedba', 'Some Name', 0),
	('beeda', NULL, 'aedcb', 'Some Name Umbenannt', 0),
	('eeeda', NULL, 'aedcc', 'Some Name', 0),
	('ccaeb', NULL, 'aedda', 'Some Name Umbenannt', 0),
	('eaaea', NULL, 'aeeaa', 'Some Name Umbenannt', 0),
	('cdacb', NULL, 'aeebc', 'Some Name', 0),
	('ddcce', NULL, 'aeedb', 'Some Name Umbenannt', 0),
	('daaea', NULL, 'aeedc', 'Some Name', 0),
	('cdeab', NULL, 'aeedd', 'Some Name Umbenannt', 0),
	('edabe', NULL, 'baabc', 'Some Name Umbenannt', 0),
	('beacd', NULL, 'babdd', 'Some Name', 0),
	('abacb', NULL, 'bacab', 'Some Name', 0),
	('ebeed', NULL, 'bacab', 'Some Name', 0),
	('dacca', NULL, 'bacac', 'Some Name', 0),
	('dbead', NULL, 'bacbe', 'Some Name', 0),
	('daead', NULL, 'baccd', 'Some Name', 0),
	('becda', NULL, 'badac', 'Some Name Umbenannt', 0),
	('ceacc', NULL, 'badcb', 'Some Name Umbenannt', 0),
	('ebcad', NULL, 'badcb', 'Some Name Umbenannt', 0),
	('adabe', NULL, 'badcd', 'Some Name', 0),
	('ccbce', NULL, 'badcd', 'Some Name', 0),
	('bdbea', NULL, 'badeb', 'Some Name', 0),
	('bcbbd', NULL, 'baded', 'Some Name', 0),
	('bcecb', NULL, 'baeba', 'Some Name Umbenannt', 0),
	('daeeb', NULL, 'baede', 'Some Name', 0),
	('eeaee', NULL, 'baede', 'Some Name Umbenannt', 0),
	('eccec', NULL, 'bbabb', 'Some Name Umbenannt', 0),
	('bdbbe', NULL, 'bbabe', 'Some Name Umbenannt', 0),
	('ecedd', 'daead', 'bbacb', 'Some Name Umbenannt', 0),
	('bdbee', NULL, 'bbace', 'Some Name Umbenannt', 0),
	('baecc', NULL, 'bbaea', 'Some Name Umbenannt', 0),
	('abece', NULL, 'bbbac', 'Some Name Umbenannt', 0),
	('eecda', NULL, 'bbbcd', 'Some Name Umbenannt', 0),
	('beaba', NULL, 'bbcae', 'Some Name', 0),
	('aabab', NULL, 'bbcbc', 'Some Name', 0),
	('ddcee', NULL, 'bbccb', 'Some Name Umbenannt', 0),
	('ccedd', NULL, 'bbddc', 'Some Name Umbenannt', 0),
	('eaddb', NULL, 'bbedc', 'Some Name Umbenannt', 0),
	('cbbcb', NULL, 'bcacd', 'Some Name Umbenannt', 0),
	('bdddd', NULL, 'bcace', 'Some Name', 0),
	('abbbe', NULL, 'bcadb', 'Some Name', 0),
	('aeedc', NULL, 'bcadb', 'Some Name', 0),
	('eddab', NULL, 'bcadc', 'Some Name', 0),
	('daeba', NULL, 'bcbac', 'Some Name Umbenannt', 0),
	('baedd', NULL, 'bcbbc', 'Some Name Umbenannt', 0),
	('daeba', NULL, 'bcbcc', 'Some Name Umbenannt', 0),
	('edeea', NULL, 'bcbce', 'Some Name', 0),
	('bebda', NULL, 'bcbea', 'Some Name', 0),
	('beced', 'dcddd', 'bccad', 'Some Name Umbenannt', 0),
	('babcb', NULL, 'bccba', 'Some Name Umbenannt', 0),
	('ebcbc', NULL, 'bccbe', 'Some Name Umbenannt', 0),
	('bbdaa', NULL, 'bccdc', 'Some Name', 0),
	('bddcc', NULL, 'bcceb', 'Some Name Umbenannt', 0),
	('debeb', NULL, 'bcebe', 'Some Name', 0),
	('aebdb', NULL, 'bceeb', 'Some Name', 0),
	('ddcdc', NULL, 'bceed', 'Some Name Umbenannt', 0),
	('eaeab', NULL, 'bdaca', 'Some Name', 0),
	('ebecb', NULL, 'bdaea', 'Some Name', 0),
	('ebbbb', NULL, 'bdaec', 'Some Name', 0),
	('eedbc', NULL, 'bdbbe', 'Some Name Umbenannt', 0),
	('beebc', 'ebdcd', 'bdbea', 'Some Name', 0),
	('cdbca', NULL, 'bdcad', 'Some Name Umbenannt', 0),
	('bdeca', NULL, 'bdcae', 'Some Name', 0),
	('cecea', 'aeddc', 'bddbb', 'Some Name', 0),
	('edaad', 'abbcd', 'bddbb', 'Some Name', 0),
	('aeedc', NULL, 'bddbd', 'Some Name', 0),
	('edcee', NULL, 'bddbe', 'Some Name Umbenannt', 0),
	('bcdea', NULL, 'bdddb', 'Some Name Umbenannt', 0),
	('ebaac', NULL, 'bdddc', 'Some Name Umbenannt', 0),
	('ebcee', NULL, 'bdddc', 'Some Name', 0),
	('eebab', NULL, 'bdddc', 'Some Name', 0),
	('cdadc', NULL, 'bdebb', 'Some Name', 0),
	('bedad', NULL, 'bdebe', 'Some Name', 0),
	('eecec', NULL, 'bdebe', 'Some Name Umbenannt', 0),
	('abbaa', NULL, 'bdecb', 'Some Name', 0),
	('bcbbe', NULL, 'bdecc', 'Some Name', 0),
	('cdcad', NULL, 'bdedd', 'Some Name Umbenannt', 0),
	('abbbb', NULL, 'bdeeb', 'Some Name', 0),
	('ecbae', NULL, 'bdeeb', 'Some Name Umbenannt', 0),
	('dadbb', 'cedad', 'beaca', 'Some Name Umbenannt', 0),
	('cedad', NULL, 'beadc', 'Some Name', 0),
	('dabbb', 'daced', 'beadc', 'Some Name Umbenannt', 0),
	('dbdac', NULL, 'beadc', 'Some Name', 0),
	('cacae', NULL, 'beade', 'Some Name Umbenannt', 0),
	('cabce', NULL, 'bebad', 'Some Name', 0),
	('ebaca', NULL, 'bebbe', 'Some Name Umbenannt', 0),
	('aaeda', NULL, 'bebca', 'Some Name', 0),
	('debaa', NULL, 'bebca', 'Some Name Umbenannt', 0),
	('acaad', NULL, 'bebcc', 'Some Name', 0),
	('aacde', NULL, 'bebda', 'Some Name Umbenannt', 0),
	('acbec', NULL, 'bebda', 'Some Name Umbenannt', 0),
	('bcece', NULL, 'bebda', 'Some Name Umbenannt', 0),
	('ccbed', 'cbaee', 'bebda', 'Some Name', 0),
	('bcedb', NULL, 'bebdb', 'Some Name Umbenannt', 0),
	('dcbda', NULL, 'bebec', 'Some Name', 0),
	('cedbe', NULL, 'becac', 'Some Name', 0),
	('dcceb', NULL, 'becac', 'Some Name', 0),
	('ebdca', NULL, 'becac', 'Some Name Umbenannt', 0),
	('dacaa', NULL, 'beccd', 'Some Name', 0),
	('eebda', NULL, 'becdb', 'Some Name', 0),
	('cabbd', NULL, 'becdd', 'Some Name Umbenannt', 0),
	('edacc', NULL, 'bedab', 'Some Name Umbenannt', 0),
	('cbbad', 'debee', 'bedae', 'Some Name', 0),
	('abbcd', NULL, 'bedbb', 'Some Name', 0),
	('deaeb', NULL, 'bedca', 'Some Name', 0),
	('cbeec', NULL, 'bedce', 'Some Name', 0),
	('baeca', NULL, 'beddd', 'Some Name Umbenannt', 0),
	('eacbe', NULL, 'beddd', 'Some Name', 0),
	('dbaab', NULL, 'bedea', 'Some Name Umbenannt', 0),
	('ecdcd', NULL, 'bedea', 'Some Name', 0),
	('aadeb', NULL, 'beeab', 'Some Name', 0),
	('baaee', NULL, 'beeab', 'Some Name Umbenannt', 0),
	('cceeb', NULL, 'beeab', 'Some Name', 0),
	('ebbae', NULL, 'beebc', 'Some Name', 0),
	('cadaa', NULL, 'beecc', 'Some Name', 0),
	('cbbdb', NULL, 'beecc', 'Some Name Umbenannt', 0),
	('debca', NULL, 'beecc', 'Some Name', 0),
	('accad', NULL, 'caaaa', 'Some Name Umbenannt', 0),
	('bbcdd', NULL, 'caaaa', 'Some Name', 0),
	('bbdbd', NULL, 'caaba', 'Some Name Umbenannt', 0),
	('abcae', NULL, 'caada', 'Some Name', 0),
	('acdaa', NULL, 'cabaa', 'Some Name', 0),
	('accad', NULL, 'cabab', 'Some Name Umbenannt', 0),
	('bcbbb', NULL, 'cabae', 'Some Name', 0),
	('bdbbe', NULL, 'cabdb', 'Some Name Umbenannt', 0),
	('aeebc', NULL, 'cabea', 'Some Name', 0),
	('ddcdc', NULL, 'cabed', 'Some Name Umbenannt', 0),
	('abade', NULL, 'caccb', 'Some Name Umbenannt', 0),
	('ebbca', NULL, 'caccb', 'Some Name', 0),
	('cceea', NULL, 'cacce', 'Some Name', 0),
	('cddcc', NULL, 'cacde', 'Some Name', 0),
	('dceea', NULL, 'cacde', 'Some Name', 0),
	('bacee', 'dedea', 'cacee', 'Some Name', 0),
	('baaed', NULL, 'caddd', 'Some Name Umbenannt', 0),
	('bdcca', NULL, 'caddd', 'Some Name Umbenannt', 0),
	('ddcea', NULL, 'caddd', 'Some Name', 0),
	('aabbe', NULL, 'cadec', 'Some Name', 0),
	('baedc', NULL, 'cadec', 'Some Name', 0),
	('beadd', NULL, 'cadec', 'Some Name Umbenannt', 0),
	('dacbb', NULL, 'caeaa', 'Some Name Umbenannt', 0),
	('deedd', NULL, 'caeaa', 'Some Name Umbenannt', 0),
	('ddabb', NULL, 'caebb', 'Some Name', 0),
	('dedec', NULL, 'caeca', 'Some Name Umbenannt', 0),
	('ebaec', NULL, 'caecc', 'Some Name Umbenannt', 0),
	('eacad', NULL, 'cbacb', 'Some Name', 0),
	('cbcee', NULL, 'cbbce', 'Some Name', 0),
	('dbcda', 'ccebc', 'cbbce', 'Some Name', 0),
	('bdced', NULL, 'cbbec', 'Some Name Umbenannt', 0),
	('dcedd', NULL, 'cbcaa', 'Some Name', 0),
	('aadec', NULL, 'cbcac', 'Some Name Umbenannt', 0),
	('bbceb', NULL, 'cbcbc', 'Some Name', 0),
	('acddd', NULL, 'cbcbd', 'Some Name', 0),
	('cbdcb', NULL, 'cbccc', 'Some Name', 0),
	('cddec', NULL, 'cbccc', 'Some Name', 0),
	('ceddd', NULL, 'cbccc', 'Some Name Umbenannt', 0),
	('deedd', NULL, 'cbccc', 'Some Name Umbenannt', 0),
	('cdeae', NULL, 'cbccd', 'Some Name', 0),
	('ceaec', NULL, 'cbcdb', 'Some Name Umbenannt', 0),
	('ebcea', NULL, 'cbdab', 'Some Name', 0),
	('dbaba', NULL, 'cbdbd', 'Some Name', 0),
	('bbebd', NULL, 'cbddb', 'Some Name', 0),
	('bcbbb', NULL, 'cbddb', 'Some Name', 0),
	('babdd', NULL, 'cbdde', 'Some Name', 0),
	('bdbbd', NULL, 'cbebc', 'Some Name', 0),
	('daeae', 'dbdac', 'cbece', 'Some Name', 0),
	('eedcc', NULL, 'cbece', 'Some Name Umbenannt', 0),
	('eedca', NULL, 'ccaaa', 'Some Name', 0),
	('caced', 'bbecd', 'ccaac', 'Some Name', 0),
	('bceea', NULL, 'ccaeb', 'Some Name Umbenannt', 0),
	('debce', 'daeae', 'ccaeb', 'Some Name', 0),
	('bcbba', NULL, 'ccbac', 'Some Name Umbenannt', 0),
	('edcac', NULL, 'ccbbc', 'Some Name', 0),
	('aeedb', NULL, 'ccbbd', 'Some Name Umbenannt', 0),
	('aaaeb', NULL, 'ccbcb', 'Some Name Umbenannt', 0),
	('edacd', NULL, 'ccbcb', 'Some Name Umbenannt', 0),
	('ccaed', NULL, 'ccbcc', 'Some Name', 0),
	('cedcc', NULL, 'ccbcc', 'Some Name', 0),
	('ddeed', NULL, 'ccbec', 'Some Name', 0),
	('dbaea', NULL, 'cccab', 'Some Name Umbenannt', 0),
	('ececd', NULL, 'cccab', 'Some Name Umbenannt', 0),
	('adecd', NULL, 'ccccd', 'Some Name Umbenannt', 0),
	('cacdd', NULL, 'ccccd', 'Some Name Umbenannt', 0),
	('cebbd', NULL, 'ccccd', 'Some Name Umbenannt', 0),
	('debda', NULL, 'cccdb', 'Some Name Umbenannt', 0),
	('deddd', NULL, 'cccec', 'Some Name', 0),
	('dcecc', NULL, 'cccee', 'Some Name', 0),
	('aeaee', NULL, 'ccdbd', 'Some Name', 0),
	('cccbc', NULL, 'ccdcb', 'Some Name Umbenannt', 0),
	('bbeae', NULL, 'ccebc', 'Some Name Umbenannt', 0),
	('beceb', NULL, 'cdaaa', 'Some Name Umbenannt', 0),
	('cceac', NULL, 'cdaae', 'Some Name', 0),
	('eeddd', NULL, 'cdaae', 'Some Name Umbenannt', 0),
	('abadd', NULL, 'cdaba', 'Some Name Umbenannt', 0),
	('daeee', NULL, 'cdaed', 'Some Name', 0),
	('dbcae', NULL, 'cdaed', 'Some Name Umbenannt', 0),
	('bdcaa', NULL, 'cdbab', 'Some Name Umbenannt', 0),
	('eddbe', NULL, 'cdbbb', 'Some Name', 0),
	('cdbcc', NULL, 'cdbce', 'Some Name Umbenannt', 0),
	('cbceb', NULL, 'cdbea', 'Some Name Umbenannt', 0),
	('ebeed', NULL, 'cdbea', 'Some Name', 0),
	('deaab', NULL, 'cdcae', 'Some Name', 0),
	('bdaee', NULL, 'cdcce', 'Some Name', 0),
	('eaedc', NULL, 'cdcec', 'Some Name', 0),
	('dcdbe', NULL, 'cdced', 'Some Name Umbenannt', 0),
	('edcbe', NULL, 'cdced', 'Some Name', 0),
	('bccdd', NULL, 'cdcee', 'Some Name', 0),
	('cbdea', NULL, 'cdcee', 'Some Name Umbenannt', 0),
	('dccdb', NULL, 'cddac', 'Some Name Umbenannt', 0),
	('daaec', NULL, 'cddae', 'Some Name', 0),
	('ecbec', NULL, 'cddba', 'Some Name Umbenannt', 0),
	('dbdce', NULL, 'cddcc', 'Some Name Umbenannt', 0),
	('ddadc', NULL, 'cdded', 'Some Name Umbenannt', 0),
	('ebeec', NULL, 'cdeaa', 'Some Name', 0),
	('aacdd', NULL, 'cdecc', 'Some Name Umbenannt', 0),
	('beebc', NULL, 'cdecc', 'Some Name Umbenannt', 0),
	('ccadc', NULL, 'cdecc', 'Some Name Umbenannt', 0),
	('edaae', 'cbdcb', 'cdede', 'Some Name Umbenannt', 0),
	('bcdba', NULL, 'cdeeb', 'Some Name Umbenannt', 0),
	('ebcbc', NULL, 'cdeeb', 'Some Name Umbenannt', 0),
	('beecc', NULL, 'cdeee', 'Some Name', 0),
	('abeae', NULL, 'ceabd', 'Some Name', 0),
	('ecbca', NULL, 'ceacb', 'Some Name Umbenannt', 0),
	('badae', NULL, 'cebaa', 'Some Name', 0),
	('ebbcb', NULL, 'cebac', 'Some Name', 0),
	('eacda', NULL, 'cebae', 'Some Name', 0),
	('babbb', NULL, 'cebba', 'Some Name', 0),
	('dcdce', NULL, 'cebbe', 'Some Name Umbenannt', 0),
	('ebebd', NULL, 'cebcd', 'Some Name Umbenannt', 0),
	('bbbda', NULL, 'cebdd', 'Some Name', 0),
	('ceebb', NULL, 'cebdd', 'Some Name', 0),
	('edbee', NULL, 'cebdd', 'Some Name', 0),
	('dbccb', NULL, 'cebee', 'Some Name', 0),
	('ddadd', NULL, 'cecad', 'Some Name', 0),
	('ceccc', NULL, 'ceceb', 'Some Name', 0),
	('edaba', NULL, 'cedbb', 'Some Name Umbenannt', 0),
	('daddd', NULL, 'cedcb', 'Some Name', 0),
	('dacbb', NULL, 'ceecb', 'Some Name Umbenannt', 0),
	('dccee', NULL, 'ceecb', 'Some Name', 0),
	('eebda', NULL, 'ceecb', 'Some Name Umbenannt', 0),
	('caeea', NULL, 'ceecc', 'Some Name Umbenannt', 0),
	('dedea', NULL, 'ceecc', 'Some Name', 0),
	('eccdc', NULL, 'ceecd', 'Some Name', 0),
	('abcbe', NULL, 'daaad', 'Some Name Umbenannt', 0),
	('aecab', NULL, 'daaad', 'Some Name Umbenannt', 0),
	('cacce', NULL, 'daadb', 'Some Name', 0),
	('ccdbd', NULL, 'daadc', 'Some Name Umbenannt', 0),
	('dcdae', NULL, 'daadd', 'Some Name', 0),
	('aecce', NULL, 'daade', 'Some Name', 0),
	('ddced', NULL, 'daade', 'Some Name Umbenannt', 0),
	('ebabb', 'dcdbe', 'daade', 'Some Name', 0),
	('ecccc', NULL, 'daade', 'Some Name Umbenannt', 0),
	('bdbce', NULL, 'daaec', 'Some Name', 0),
	('cedba', NULL, 'daaec', 'Some Name', 0),
	('aeeba', NULL, 'dabbb', 'Some Name Umbenannt', 0),
	('bbabe', NULL, 'dabcb', 'Some Name', 0),
	('bedee', NULL, 'dabcb', 'Some Name Umbenannt', 0),
	('cdbed', NULL, 'dabcb', 'Some Name Umbenannt', 0),
	('dedbe', NULL, 'dabea', 'Some Name', 0),
	('cbbda', NULL, 'dacad', 'Some Name Umbenannt', 0),
	('eeeae', NULL, 'dacbb', 'Some Name Umbenannt', 0),
	('bcecd', NULL, 'dacec', 'Some Name Umbenannt', 0),
	('ccebc', NULL, 'dacec', 'Some Name Umbenannt', 0),
	('dedaa', NULL, 'dadbc', 'Some Name Umbenannt', 0),
	('ebeaa', NULL, 'dadda', 'Some Name Umbenannt', 0),
	('eccbe', NULL, 'dadda', 'Some Name Umbenannt', 0),
	('bdcae', NULL, 'daddb', 'Some Name Umbenannt', 0),
	('dcedd', NULL, 'dadeb', 'Some Name', 0),
	('bebda', NULL, 'dadec', 'Some Name', 0),
	('bdddd', 'bbbec', 'daead', 'Some Name', 0),
	('cbacb', NULL, 'daead', 'Some Name Umbenannt', 0),
	('edbce', NULL, 'daeba', 'Some Name', 0),
	('aabca', NULL, 'daebd', 'Some Name Umbenannt', 0),
	('ccdda', NULL, 'daebd', 'Some Name Umbenannt', 0),
	('bbeab', NULL, 'daeca', 'Some Name Umbenannt', 0),
	('dabac', NULL, 'dbabb', 'Some Name', 0),
	('bdadd', NULL, 'dbacd', 'Some Name', 0),
	('ebdcd', NULL, 'dbacd', 'Some Name Umbenannt', 0),
	('eadcc', NULL, 'dbada', 'Some Name', 0),
	('cdcdc', NULL, 'dbade', 'Some Name', 0),
	('ebedc', NULL, 'dbaed', 'Some Name Umbenannt', 0),
	('cdcda', NULL, 'dbbaa', 'Some Name Umbenannt', 0),
	('aceca', NULL, 'dbbab', 'Some Name', 0),
	('dceea', NULL, 'dbbab', 'Some Name', 0),
	('aedbe', NULL, 'dbbae', 'Some Name', 0),
	('babbc', 'ccebc', 'dbbae', 'Some Name', 0),
	('baaca', NULL, 'dbbca', 'Some Name', 0),
	('eecdb', NULL, 'dbbca', 'Some Name', 0),
	('adaad', NULL, 'dbbcb', 'Some Name Umbenannt', 0),
	('edeee', NULL, 'dbbda', 'Some Name', 0),
	('aeeda', NULL, 'dbbde', 'Some Name', 0),
	('cecce', NULL, 'dbbde', 'Some Name', 0),
	('ebbde', NULL, 'dbbde', 'Some Name', 0),
	('bdcdc', NULL, 'dbbea', 'Some Name Umbenannt', 0),
	('cacde', NULL, 'dbcbb', 'Some Name Umbenannt', 0),
	('edcde', NULL, 'dbccc', 'Some Name Umbenannt', 0),
	('dcdda', NULL, 'dbcdb', 'Some Name', 0),
	('dcdde', NULL, 'dbcdb', 'Some Name Umbenannt', 0),
	('bbdbd', NULL, 'dbcde', 'Some Name', 0),
	('decec', NULL, 'dbdbe', 'Some Name Umbenannt', 0),
	('aadbe', NULL, 'dbdca', 'Some Name Umbenannt', 0),
	('bcaba', NULL, 'dbdee', 'Some Name Umbenannt', 0),
	('adaad', NULL, 'dbece', 'Some Name Umbenannt', 0),
	('bdadb', NULL, 'dbece', 'Some Name Umbenannt', 0),
	('babbe', NULL, 'dbeea', 'Some Name Umbenannt', 0),
	('aedae', NULL, 'dcaac', 'Some Name Umbenannt', 0),
	('cbeaa', NULL, 'dcaad', 'Some Name Umbenannt', 0),
	('bbbce', NULL, 'dcaba', 'Some Name', 0),
	('bccab', NULL, 'dcadc', 'Some Name', 0),
	('bbeae', NULL, 'dcadd', 'Some Name Umbenannt', 0),
	('dcbed', NULL, 'dcadd', 'Some Name Umbenannt', 0),
	('cdbda', NULL, 'dcade', 'Some Name', 0),
	('cdede', NULL, 'dcaec', 'Some Name Umbenannt', 0),
	('ebaeb', NULL, 'dcbab', 'Some Name Umbenannt', 0),
	('edead', NULL, 'dcbbe', 'Some Name', 0),
	('dcbce', NULL, 'dcbca', 'Some Name Umbenannt', 0),
	('ecaae', NULL, 'dcbdc', 'Some Name', 0),
	('ccaeb', NULL, 'dcbee', 'Some Name', 0),
	('bbdea', NULL, 'dccbd', 'Some Name', 0),
	('cbeaa', NULL, 'dcccc', 'Some Name Umbenannt', 0),
	('dddcd', NULL, 'dcccc', 'Some Name Umbenannt', 0),
	('eebae', NULL, 'dcccc', 'Some Name', 0),
	('ebbdb', NULL, 'dcdba', 'Some Name Umbenannt', 0),
	('cacad', NULL, 'dcdbc', 'Some Name Umbenannt', 0),
	('dcdad', NULL, 'dcdbc', 'Some Name', 0),
	('eaace', NULL, 'dcdbc', 'Some Name Umbenannt', 0),
	('ecbca', NULL, 'dcdde', 'Some Name Umbenannt', 0),
	('aceaa', NULL, 'dcead', 'Some Name', 0),
	('baced', NULL, 'dcebd', 'Some Name Umbenannt', 0),
	('edcab', NULL, 'dcebd', 'Some Name Umbenannt', 0),
	('aadbd', NULL, 'dcedc', 'Some Name', 0),
	('bcccd', NULL, 'dcede', 'Some Name Umbenannt', 0),
	('eddcb', NULL, 'dcede', 'Some Name', 0),
	('bebbe', NULL, 'dceea', 'Some Name Umbenannt', 0),
	('abbcb', NULL, 'dceed', 'Some Name', 0),
	('cceea', NULL, 'dceee', 'Some Name', 0),
	('ddede', NULL, 'ddaba', 'Some Name', 0),
	('ebbdc', NULL, 'ddaba', 'Some Name', 0),
	('acbed', NULL, 'ddace', 'Some Name', 0),
	('accbe', NULL, 'ddace', 'Some Name', 0),
	('bebba', NULL, 'ddaee', 'Some Name', 0),
	('acbbc', NULL, 'ddbab', 'Some Name Umbenannt', 0),
	('adddb', NULL, 'ddbab', 'Some Name Umbenannt', 0),
	('debde', NULL, 'ddbbb', 'Some Name Umbenannt', 0),
	('ecabe', NULL, 'ddbbb', 'Some Name', 0),
	('ddead', NULL, 'ddbbc', 'Some Name', 0),
	('babdc', NULL, 'ddbea', 'Some Name Umbenannt', 0),
	('ebbbd', NULL, 'ddbea', 'Some Name', 0),
	('abede', NULL, 'ddcdb', 'Some Name', 0),
	('debdd', NULL, 'ddcdb', 'Some Name', 0),
	('eaaec', NULL, 'ddcea', 'Some Name', 0),
	('ceecc', NULL, 'ddcec', 'Some Name', 0),
	('adabe', NULL, 'dddad', 'Some Name', 0),
	('edada', NULL, 'dddad', 'Some Name', 0),
	('deeae', NULL, 'dddbd', 'Some Name Umbenannt', 0),
	('bdaed', NULL, 'dddcc', 'Some Name Umbenannt', 0),
	('cbdbb', NULL, 'ddebe', 'Some Name', 0),
	('bcced', NULL, 'deaaa', 'Some Name Umbenannt', 0),
	('abdbc', NULL, 'deaeb', 'Some Name Umbenannt', 0),
	('ddddd', NULL, 'deaeb', 'Some Name Umbenannt', 0),
	('eaace', NULL, 'deaeb', 'Some Name', 0),
	('ecaac', NULL, 'deaee', 'Some Name', 0),
	('decea', NULL, 'debde', 'Some Name', 0),
	('becab', NULL, 'decab', 'Some Name Umbenannt', 0),
	('ccbcb', NULL, 'decac', 'Some Name', 0),
	('bdabb', NULL, 'decbd', 'Some Name', 0),
	('daada', NULL, 'decca', 'Some Name', 0),
	('cacbb', NULL, 'decdd', 'Some Name Umbenannt', 0),
	('bacee', NULL, 'decde', 'Some Name', 0),
	('ccdda', NULL, 'deced', 'Some Name', 0),
	('acccb', NULL, 'decee', 'Some Name', 0),
	('cddad', NULL, 'decee', 'Some Name Umbenannt', 0),
	('bbbbd', NULL, 'dedee', 'Some Name Umbenannt', 0),
	('dccdd', NULL, 'dedee', 'Some Name Umbenannt', 0),
	('ddebb', NULL, 'deebb', 'Some Name Umbenannt', 0),
	('acbad', NULL, 'deedb', 'Some Name Umbenannt', 0),
	('aeedc', NULL, 'deedb', 'Some Name', 0),
	('bedcb', NULL, 'deedb', 'Some Name Umbenannt', 0),
	('ecdaa', NULL, 'deedb', 'Some Name', 0),
	('bedbd', NULL, 'deeed', 'Some Name', 0),
	('aedae', NULL, 'eaabe', 'Some Name Umbenannt', 0),
	('aeadc', NULL, 'eaada', 'Some Name Umbenannt', 0),
	('ebbec', NULL, 'eabbb', 'Some Name', 0),
	('bdaee', NULL, 'eabbc', 'Some Name', 0),
	('aeebe', NULL, 'eabcb', 'Some Name Umbenannt', 0),
	('ddabb', NULL, 'eabcb', 'Some Name', 0),
	('ddbba', NULL, 'eabcb', 'Some Name', 0),
	('bccba', NULL, 'eabce', 'Some Name Umbenannt', 0),
	('ecbab', NULL, 'eabce', 'Some Name Umbenannt', 0),
	('abcec', NULL, 'eabdd', 'Some Name', 0),
	('bacea', NULL, 'eabea', 'Some Name', 0),
	('dbbbe', NULL, 'eabea', 'Some Name', 0),
	('bacdb', NULL, 'eacac', 'Some Name', 0),
	('aebab', NULL, 'eacbd', 'Some Name', 0),
	('ddbcc', NULL, 'eacbd', 'Some Name Umbenannt', 0),
	('ecbbb', NULL, 'eaccd', 'Some Name', 0),
	('acecc', NULL, 'eacdb', 'Some Name Umbenannt', 0),
	('cdbec', NULL, 'eadbd', 'Some Name Umbenannt', 0),
	('adeae', NULL, 'eadcc', 'Some Name Umbenannt', 0),
	('acdce', NULL, 'eaddd', 'Some Name Umbenannt', 0),
	('bbbec', NULL, 'eaddd', 'Some Name Umbenannt', 0),
	('dcbdc', NULL, 'eaddd', 'Some Name Umbenannt', 0),
	('adbcb', NULL, 'eaeaa', 'Some Name Umbenannt', 0),
	('cbaec', NULL, 'eaead', 'Some Name Umbenannt', 0),
	('accca', NULL, 'eaecd', 'Some Name Umbenannt', 0),
	('cedea', NULL, 'eaecd', 'Some Name', 0),
	('daaad', NULL, 'eaecd', 'Some Name Umbenannt', 0),
	('daced', NULL, 'eaeee', 'Some Name', 0),
	('bdeca', NULL, 'ebaab', 'Some Name', 0),
	('baade', NULL, 'ebaba', 'Some Name Umbenannt', 0),
	('adade', NULL, 'ebabc', 'Some Name Umbenannt', 0),
	('dadcd', NULL, 'ebabc', 'Some Name Umbenannt', 0),
	('dccaa', NULL, 'ebabc', 'Some Name Umbenannt', 0),
	('aeddc', NULL, 'ebacb', 'Some Name Umbenannt', 0),
	('ccbee', NULL, 'ebace', 'Some Name', 0),
	('abcec', NULL, 'ebbca', 'Some Name', 0),
	('bedea', NULL, 'ebbca', 'Some Name Umbenannt', 0),
	('baeba', NULL, 'ebbcb', 'Some Name Umbenannt', 0),
	('caebc', NULL, 'ebbda', 'Some Name', 0),
	('ddaeb', NULL, 'ebcab', 'Some Name', 0),
	('ebddd', 'dcbac', 'ebcab', 'Some Name Umbenannt', 0),
	('ecebd', NULL, 'ebcba', 'Some Name', 0),
	('acadd', NULL, 'ebced', 'Some Name Umbenannt', 0),
	('cbcac', NULL, 'ebdcc', 'Some Name Umbenannt', 0),
	('bddcb', NULL, 'ebdea', 'Some Name', 0),
	('cdeeb', NULL, 'ebdec', 'Some Name Umbenannt', 0),
	('dddaa', NULL, 'ebeba', 'Some Name', 0),
	('edacc', NULL, 'ebeba', 'Some Name', 0),
	('dddca', NULL, 'ebecc', 'Some Name', 0),
	('cdeee', NULL, 'ebeea', 'Some Name Umbenannt', 0),
	('acaaa', NULL, 'ebeed', 'Some Name', 0),
	('deeac', NULL, 'ebeed', 'Some Name', 0),
	('cabcd', 'eeddd', 'ecaaa', 'Some Name', 0),
	('dbdee', NULL, 'ecaeb', 'Some Name Umbenannt', 0),
	('aeadb', NULL, 'ecbaa', 'Some Name Umbenannt', 0),
	('edecc', 'accca', 'ecbbc', 'Some Name', 0),
	('edbad', 'ddcce', 'ecbeb', 'Some Name Umbenannt', 0),
	('dbcde', NULL, 'ecbed', 'Some Name', 0),
	('aabcd', NULL, 'ecbee', 'Some Name Umbenannt', 0),
	('dcdbb', NULL, 'ecbee', 'Some Name', 0),
	('dcdde', NULL, 'eccaa', 'Some Name Umbenannt', 0),
	('eaabe', NULL, 'eccaa', 'Some Name Umbenannt', 0),
	('bedea', NULL, 'eccac', 'Some Name Umbenannt', 0),
	('dcddd', NULL, 'eccac', 'Some Name Umbenannt', 0),
	('deeac', NULL, 'eccac', 'Some Name', 0),
	('baeea', 'daead', 'eccae', 'Some Name Umbenannt', 0),
	('cbedb', NULL, 'eccba', 'Some Name Umbenannt', 0),
	('adbdd', NULL, 'eccbc', 'Some Name Umbenannt', 0),
	('daedd', NULL, 'eccbe', 'Some Name Umbenannt', 0),
	('eeeba', NULL, 'eccbe', 'Some Name Umbenannt', 0),
	('ebddd', 'dcbac', 'ecdae', 'Some Name Umbenannt', 0),
	('daada', NULL, 'ecdca', 'Some Name', 0),
	('baade', NULL, 'ecdcd', 'Some Name Umbenannt', 0),
	('adbad', NULL, 'ecdea', 'Some Name', 0),
	('abdca', NULL, 'edaba', 'Some Name', 0),
	('daccc', NULL, 'edabb', 'Some Name', 0),
	('debcd', NULL, 'edadb', 'Some Name Umbenannt', 0),
	('decec', NULL, 'edadb', 'Some Name Umbenannt', 0),
	('caddb', NULL, 'edaeb', 'Some Name', 0),
	('eeccc', NULL, 'edaeb', 'Some Name', 0),
	('edbbb', 'bcbbb', 'edbee', 'Some Name', 0),
	('eecab', NULL, 'edcad', 'Some Name', 0),
	('adabe', NULL, 'eddaa', 'Some Name', 0),
	('bdbee', NULL, 'eddaa', 'Some Name Umbenannt', 0),
	('dcdbe', NULL, 'eddaa', 'Some Name Umbenannt', 0),
	('ecaec', NULL, 'eddaa', 'Some Name Umbenannt', 0),
	('ddedb', NULL, 'eddad', 'Some Name Umbenannt', 0),
	('aecce', NULL, 'edeae', 'Some Name Umbenannt', 0),
	('dedec', NULL, 'edeae', 'Some Name Umbenannt', 0),
	('abbba', NULL, 'edebb', 'Some Name', 0),
	('ccdae', NULL, 'edebb', 'Some Name', 0),
	('acccc', NULL, 'edebc', 'Some Name Umbenannt', 0),
	('aaaae', NULL, 'edebe', 'Some Name', 0),
	('ddeab', 'abbbe', 'edebe', 'Some Name', 0),
	('eacee', NULL, 'eeaaa', 'Some Name Umbenannt', 0),
	('aedcd', NULL, 'eeacc', 'Some Name Umbenannt', 0),
	('dcbdd', NULL, 'eebbe', 'Some Name Umbenannt', 0),
	('cdeeb', NULL, 'eebdd', 'Some Name Umbenannt', 0),
	('aaacb', NULL, 'eecab', 'Some Name Umbenannt', 0),
	('caeed', 'eaddb', 'eeccc', 'Some Name', 0),
	('abcbd', NULL, 'eecdd', 'Some Name', 0),
	('baacc', NULL, 'eecdd', 'Some Name', 0),
	('adcee', NULL, 'eedbb', 'Some Name Umbenannt', 0),
	('cacaa', NULL, 'eedec', 'Some Name Umbenannt', 0),
	('edaee', NULL, 'eedec', 'Some Name Umbenannt', 0),
	('eecea', NULL, 'eedec', 'Some Name', 0),
	('edaec', NULL, 'eeeae', 'Some Name Umbenannt', 0),
	('adbba', 'baaed', 'eeeeb', 'Some Name Umbenannt', 0);
/*!40000 ALTER TABLE `gruppe` ENABLE KEYS */;

-- Exportiere Struktur von Tabelle organisation.organisation
CREATE TABLE IF NOT EXISTS `organisation` (
  `uuid` char(36) NOT NULL,
  `name` varchar(255) NOT NULL,
  `version` int(11) NOT NULL DEFAULT 0,
  PRIMARY KEY (`uuid`)
) ENGINE=InnoDB DEFAULT CHARSET=utf8;

-- Exportiere Daten aus Tabelle organisation.organisation: ~1.324 rows (ungefähr)
/*!40000 ALTER TABLE `organisation` DISABLE KEYS */;
INSERT INTO `organisation` (`uuid`, `name`, `version`) VALUES
	('aaaaa', 'Some Name Umbenannt', 0),
	('aaaac', 'Some Name', 0),
	('aaaae', 'Some Name', 0),
	('aaabb', 'Some Name Umbenannt', 0),
	('aaabd', 'Some Name Umbenannt', 0),
	('aaacc', 'Some Name', 0),
	('aaace', 'Some Name', 0),
	('aaada', 'Some Name', 0),
	('aaadd', 'Some Name', 0),
	('aaaea', 'Some Name Umbenannt', 0),
	('aaaeb', 'Some Name Umbenannt', 0),
	('aaaee', 'Some Name Umbenannt', 0),
	('aabaa', 'Some Name Umbenannt', 0),
	('aabad', 'Some Name Umbenannt', 0),
	('aabae', 'Some Name Umbenannt', 0),
	('aabbc', 'Some Name Umbenannt', 0),
	('aabbd', 'Some Name Umbenannt', 0),
	('aabca', 'Some Name Umbenannt', 0),
	('aabcb', 'Some Name Umbenannt', 0),
	('aabcc', 'Some Name Umbenannt', 0),
	('aabdb', 'Some Name Umbenannt', 0),
	('aabdc', 'Some Name Umbenannt', 0),
	('aabed', 'Some Name', 0),
	('aacad', 'Some Name Umbenannt', 0),
	('aacae', 'Some Name', 0),
	('aacbe', 'Some Name', 0),
	('aacca', 'Some Name', 0),
	('aaccb', 'Some Name Umbenannt', 0),
	('aacdc', 'Some Name Umbenannt', 0),
	('aacde', 'Some Name', 0),
	('aaceb', 'Some Name Umbenannt', 0),
	('aacee', 'Some Name Umbenannt', 0),
	('aadba', 'Some Name', 0),
	('aadbe', 'Some Name Umbenannt', 0),
	('aadca', 'Some Name Umbenannt', 0),
	('aadcb', 'Some Name Umbenannt', 0),
	('aadda', 'Some Name', 0),
	('aaddb', 'Some Name Umbenannt', 0),
	('aadde', 'Some Name', 0),
	('aadea', 'Some Name Umbenannt', 0),
	('aaded', 'Some Name Umbenannt', 0),
	('aaeaa', 'Some Name Umbenannt', 0),
	('aaeab', 'Some Name Umbenannt', 0),
	('aaeac', 'Some Name', 0),
	('aaead', 'Some Name', 0),
	('aaeba', 'Some Name Umbenannt', 0),
	('aaebb', 'Some Name Umbenannt', 0),
	('aaebd', 'Some Name Umbenannt', 0),
	('aaece', 'Some Name', 0),
	('aaeda', 'Some Name Umbenannt', 0),
	('aaede', 'Some Name', 0),
	('aaeea', 'Some Name', 0),
	('aaeeb', 'Some Name Umbenannt', 0),
	('aaeee', 'Some Name Umbenannt', 0),
	('abaac', 'Some Name Umbenannt', 0),
	('ababa', 'Some Name Umbenannt', 0),
	('ababd', 'Some Name', 0),
	('ababe', 'Some Name Umbenannt', 0),
	('abacd', 'Some Name Umbenannt', 0),
	('abadb', 'Some Name', 0),
	('abadc', 'Some Name', 0),
	('abade', 'Some Name Umbenannt', 0),
	('abaea', 'Some Name Umbenannt', 0),
	('abaeb', 'Some Name Umbenannt', 0),
	('abaec', 'Some Name Umbenannt', 0),
	('abaed', 'Some Name Umbenannt', 0),
	('abbae', 'Some Name', 0),
	('abbbb', 'Some Name', 0),
	('abbca', 'Some Name', 0),
	('abbde', 'Some Name', 0),
	('abbee', 'Some Name Umbenannt', 0),
	('abcaa', 'Some Name Umbenannt', 0),
	('abcae', 'Some Name', 0),
	('abcbc', 'Some Name Umbenannt', 0),
	('abcbd', 'Some Name Umbenannt', 0),
	('abcbe', 'Some Name Umbenannt', 0),
	('abcca', 'Some Name', 0),
	('abccc', 'Some Name Umbenannt', 0),
	('abcce', 'Some Name', 0),
	('abcdb', 'Some Name Umbenannt', 0),
	('abcdc', 'Some Name Umbenannt', 0),
	('abcde', 'Some Name Umbenannt', 0),
	('abcea', 'Some Name Umbenannt', 0),
	('abcee', 'Some Name', 0),
	('abdaa', 'Some Name Umbenannt', 0),
	('abdac', 'Some Name Umbenannt', 0),
	('abdad', 'Some Name Umbenannt', 0),
	('abdba', 'Some Name Umbenannt', 0),
	('abdbc', 'Some Name', 0),
	('abdcb', 'Some Name Umbenannt', 0),
	('abdce', 'Some Name', 0),
	('abddb', 'Some Name', 0),
	('abddd', 'Some Name Umbenannt', 0),
	('abded', 'Some Name Umbenannt', 0),
	('abdee', 'Some Name Umbenannt', 0),
	('abeba', 'Some Name Umbenannt', 0),
	('abebc', 'Some Name Umbenannt', 0),
	('abecb', 'Some Name Umbenannt', 0),
	('abece', 'Some Name Umbenannt', 0),
	('abeda', 'Some Name', 0),
	('abedd', 'Some Name', 0),
	('abeea', 'Some Name Umbenannt', 0),
	('abeed', 'Some Name', 0),
	('abeee', 'Some Name Umbenannt', 0),
	('acaaa', 'Some Name Umbenannt', 0),
	('acaad', 'Some Name Umbenannt', 0),
	('acabb', 'Some Name', 0),
	('acabc', 'Some Name Umbenannt', 0),
	('acace', 'Some Name Umbenannt', 0),
	('acadb', 'Some Name', 0),
	('acadd', 'Some Name Umbenannt', 0),
	('acaeb', 'Some Name Umbenannt', 0),
	('acaee', 'Some Name', 0),
	('acbad', 'Some Name Umbenannt', 0),
	('acbae', 'Some Name', 0),
	('acbba', 'Some Name', 0),
	('acbbc', 'Some Name', 0),
	('acbbd', 'Some Name Umbenannt', 0),
	('acbbe', 'Some Name', 0),
	('acbca', 'Some Name Umbenannt', 0),
	('acbcb', 'Some Name Umbenannt', 0),
	('acbda', 'Some Name', 0),
	('acbdb', 'Some Name Umbenannt', 0),
	('acbde', 'Some Name', 0),
	('acbea', 'Some Name', 0),
	('acbec', 'Some Name', 0),
	('accae', 'Some Name Umbenannt', 0),
	('accba', 'Some Name', 0),
	('accbb', 'Some Name Umbenannt', 0),
	('accbd', 'Some Name Umbenannt', 0),
	('accce', 'Some Name Umbenannt', 0),
	('accea', 'Some Name Umbenannt', 0),
	('accec', 'Some Name Umbenannt', 0),
	('accee', 'Some Name Umbenannt', 0),
	('acdaa', 'Some Name', 0),
	('acdac', 'Some Name', 0),
	('acdad', 'Some Name', 0),
	('acdbb', 'Some Name Umbenannt', 0),
	('acdbc', 'Some Name', 0),
	('acdbd', 'Some Name Umbenannt', 0),
	('acdca', 'Some Name Umbenannt', 0),
	('acdcb', 'Some Name Umbenannt', 0),
	('acdce', 'Some Name Umbenannt', 0),
	('acdda', 'Some Name Umbenannt', 0),
	('acddd', 'Some Name', 0),
	('acdde', 'Some Name Umbenannt', 0),
	('acdeb', 'Some Name Umbenannt', 0),
	('acdec', 'Some Name Umbenannt', 0),
	('aceac', 'Some Name Umbenannt', 0),
	('acead', 'Some Name', 0),
	('acebb', 'Some Name', 0),
	('acebd', 'Some Name', 0),
	('acedb', 'Some Name Umbenannt', 0),
	('acede', 'Some Name Umbenannt', 0),
	('aceeb', 'Some Name Umbenannt', 0),
	('aceec', 'Some Name', 0),
	('adaac', 'Some Name', 0),
	('adaad', 'Some Name', 0),
	('adabd', 'Some Name Umbenannt', 0),
	('adabe', 'Some Name', 0),
	('adadc', 'Some Name Umbenannt', 0),
	('adadd', 'Some Name Umbenannt', 0),
	('adaeb', 'Some Name Umbenannt', 0),
	('adbaa', 'Some Name', 0),
	('adbac', 'Some Name', 0),
	('adbad', 'Some Name', 0),
	('adbba', 'Some Name', 0),
	('adbbb', 'Some Name', 0),
	('adbbd', 'Some Name Umbenannt', 0),
	('adbbe', 'Some Name Umbenannt', 0),
	('adbca', 'Some Name Umbenannt', 0),
	('adbcb', 'Some Name', 0),
	('adbea', 'Some Name Umbenannt', 0),
	('adbeb', 'Some Name', 0),
	('adbed', 'Some Name', 0),
	('adcbc', 'Some Name', 0),
	('adcbd', 'Some Name', 0),
	('adcca', 'Some Name', 0),
	('adccc', 'Some Name Umbenannt', 0),
	('adcdb', 'Some Name Umbenannt', 0),
	('adcdd', 'Some Name Umbenannt', 0),
	('adcde', 'Some Name Umbenannt', 0),
	('adcea', 'Some Name', 0),
	('adceb', 'Some Name', 0),
	('adcec', 'Some Name Umbenannt', 0),
	('addae', 'Some Name Umbenannt', 0),
	('addba', 'Some Name Umbenannt', 0),
	('addbe', 'Some Name Umbenannt', 0),
	('addca', 'Some Name Umbenannt', 0),
	('adddb', 'Some Name Umbenannt', 0),
	('adead', 'Some Name Umbenannt', 0),
	('adeae', 'Some Name Umbenannt', 0),
	('adeba', 'Some Name', 0),
	('adebc', 'Some Name Umbenannt', 0),
	('adeca', 'Some Name Umbenannt', 0),
	('adecb', 'Some Name Umbenannt', 0),
	('adece', 'Some Name Umbenannt', 0),
	('adedb', 'Some Name Umbenannt', 0),
	('adedd', 'Some Name', 0),
	('adeeb', 'Some Name Umbenannt', 0),
	('adeec', 'Some Name', 0),
	('adeee', 'Some Name Umbenannt', 0),
	('aeaaa', 'Some Name', 0),
	('aeaab', 'Some Name Umbenannt', 0),
	('aeabe', 'Some Name Umbenannt', 0),
	('aeaca', 'Some Name Umbenannt', 0),
	('aeacb', 'Some Name', 0),
	('aeace', 'Some Name Umbenannt', 0),
	('aeadb', 'Some Name Umbenannt', 0),
	('aeaeb', 'Some Name Umbenannt', 0),
	('aeaec', 'Some Name Umbenannt', 0),
	('aeaee', 'Some Name Umbenannt', 0),
	('aebab', 'Some Name Umbenannt', 0),
	('aebac', 'Some Name Umbenannt', 0),
	('aebbc', 'Some Name Umbenannt', 0),
	('aebbd', 'Some Name Umbenannt', 0),
	('aebbe', 'Some Name Umbenannt', 0),
	('aebca', 'Some Name Umbenannt', 0),
	('aebcc', 'Some Name Umbenannt', 0),
	('aebce', 'Some Name Umbenannt', 0),
	('aebda', 'Some Name Umbenannt', 0),
	('aebdd', 'Some Name', 0),
	('aebde', 'Some Name', 0),
	('aebec', 'Some Name Umbenannt', 0),
	('aebee', 'Some Name Umbenannt', 0),
	('aecab', 'Some Name Umbenannt', 0),
	('aecae', 'Some Name Umbenannt', 0),
	('aecbb', 'Some Name Umbenannt', 0),
	('aecbc', 'Some Name Umbenannt', 0),
	('aecbe', 'Some Name Umbenannt', 0),
	('aecca', 'Some Name', 0),
	('aecce', 'Some Name Umbenannt', 0),
	('aecdb', 'Some Name Umbenannt', 0),
	('aecde', 'Some Name Umbenannt', 0),
	('aecea', 'Some Name', 0),
	('aeced', 'Some Name Umbenannt', 0),
	('aecee', 'Some Name Umbenannt', 0),
	('aedaa', 'Some Name Umbenannt', 0),
	('aedad', 'Some Name Umbenannt', 0),
	('aedae', 'Some Name Umbenannt', 0),
	('aedba', 'Some Name Umbenannt', 0),
	('aedcb', 'Some Name Umbenannt', 0),
	('aedcc', 'Some Name Umbenannt', 0),
	('aedda', 'Some Name Umbenannt', 0),
	('aeddb', 'Some Name Umbenannt', 0),
	('aeddc', 'Some Name', 0),
	('aedde', 'Some Name', 0),
	('aeeaa', 'Some Name', 0),
	('aeeac', 'Some Name Umbenannt', 0),
	('aeead', 'Some Name', 0),
	('aeebb', 'Some Name', 0),
	('aeebc', 'Some Name Umbenannt', 0),
	('aeebe', 'Some Name', 0),
	('aeecc', 'Some Name Umbenannt', 0),
	('aeecd', 'Some Name', 0),
	('aeece', 'Some Name Umbenannt', 0),
	('aeeda', 'Some Name Umbenannt', 0),
	('aeedb', 'Some Name Umbenannt', 0),
	('aeedc', 'Some Name Umbenannt', 0),
	('aeedd', 'Some Name Umbenannt', 0),
	('aeeec', 'Some Name', 0),
	('baaba', 'Some Name', 0),
	('baabb', 'Some Name', 0),
	('baabc', 'Some Name Umbenannt', 0),
	('baacb', 'Some Name', 0),
	('baacd', 'Some Name', 0),
	('baadb', 'Some Name', 0),
	('baaec', 'Some Name', 0),
	('baaed', 'Some Name Umbenannt', 0),
	('baaee', 'Some Name', 0),
	('babaa', 'Some Name Umbenannt', 0),
	('babae', 'Some Name', 0),
	('babbe', 'Some Name', 0),
	('babca', 'Some Name Umbenannt', 0),
	('babdb', 'Some Name', 0),
	('babdd', 'Some Name Umbenannt', 0),
	('bacab', 'Some Name Umbenannt', 0),
	('bacac', 'Some Name', 0),
	('bacad', 'Some Name', 0),
	('bacbb', 'Some Name', 0),
	('bacbd', 'Some Name', 0),
	('bacbe', 'Some Name Umbenannt', 0),
	('baccd', 'Some Name Umbenannt', 0),
	('bacce', 'Some Name', 0),
	('bacdc', 'Some Name Umbenannt', 0),
	('bacde', 'Some Name Umbenannt', 0),
	('bacee', 'Some Name Umbenannt', 0),
	('badac', 'Some Name', 0),
	('badbc', 'Some Name Umbenannt', 0),
	('badbd', 'Some Name', 0),
	('badcb', 'Some Name Umbenannt', 0),
	('badcd', 'Some Name Umbenannt', 0),
	('badda', 'Some Name Umbenannt', 0),
	('baddc', 'Some Name Umbenannt', 0),
	('badea', 'Some Name Umbenannt', 0),
	('badeb', 'Some Name Umbenannt', 0),
	('baded', 'Some Name', 0),
	('baead', 'Some Name', 0),
	('baeba', 'Some Name', 0),
	('baebc', 'Some Name Umbenannt', 0),
	('baebd', 'Some Name Umbenannt', 0),
	('baecc', 'Some Name Umbenannt', 0),
	('baeda', 'Some Name Umbenannt', 0),
	('baede', 'Some Name', 0),
	('baeea', 'Some Name', 0),
	('baeeb', 'Some Name Umbenannt', 0),
	('baeec', 'Some Name Umbenannt', 0),
	('bbaaa', 'Some Name Umbenannt', 0),
	('bbaab', 'Some Name Umbenannt', 0),
	('bbaac', 'Some Name', 0),
	('bbabb', 'Some Name Umbenannt', 0),
	('bbabe', 'Some Name Umbenannt', 0),
	('bbacb', 'Some Name Umbenannt', 0),
	('bbacc', 'Some Name', 0),
	('bbace', 'Some Name Umbenannt', 0),
	('bbade', 'Some Name Umbenannt', 0),
	('bbaea', 'Some Name', 0),
	('bbaec', 'Some Name Umbenannt', 0),
	('bbaee', 'Some Name Umbenannt', 0),
	('bbbac', 'Some Name Umbenannt', 0),
	('bbbad', 'Some Name Umbenannt', 0),
	('bbbba', 'Some Name', 0),
	('bbbbd', 'Some Name Umbenannt', 0),
	('bbbbe', 'Some Name Umbenannt', 0),
	('bbbcb', 'Some Name', 0),
	('bbbcd', 'Some Name Umbenannt', 0),
	('bbbde', 'Some Name', 0),
	('bbbeb', 'Some Name', 0),
	('bbbed', 'Some Name Umbenannt', 0),
	('bbbee', 'Some Name Umbenannt', 0),
	('bbcaa', 'Some Name Umbenannt', 0),
	('bbcae', 'Some Name', 0),
	('bbcba', 'Some Name', 0),
	('bbcbc', 'Some Name', 0),
	('bbcbe', 'Some Name', 0),
	('bbccb', 'Some Name', 0),
	('bbccc', 'Some Name Umbenannt', 0),
	('bbcce', 'Some Name Umbenannt', 0),
	('bbcee', 'Some Name', 0),
	('bbdac', 'Some Name Umbenannt', 0),
	('bbdae', 'Some Name', 0),
	('bbdbc', 'Some Name', 0),
	('bbdbd', 'Some Name', 0),
	('bbdbe', 'Some Name', 0),
	('bbdca', 'Some Name', 0),
	('bbdda', 'Some Name', 0),
	('bbddc', 'Some Name Umbenannt', 0),
	('bbdde', 'Some Name Umbenannt', 0),
	('bbdea', 'Some Name Umbenannt', 0),
	('bbdec', 'Some Name Umbenannt', 0),
	('bbeab', 'Some Name', 0),
	('bbeba', 'Some Name', 0),
	('bbebb', 'Some Name Umbenannt', 0),
	('bbebe', 'Some Name', 0),
	('bbeca', 'Some Name Umbenannt', 0),
	('bbedc', 'Some Name Umbenannt', 0),
	('bbedd', 'Some Name', 0),
	('bbeea', 'Some Name Umbenannt', 0),
	('bbeed', 'Some Name Umbenannt', 0),
	('bcaac', 'Some Name', 0),
	('bcaad', 'Some Name Umbenannt', 0),
	('bcaae', 'Some Name Umbenannt', 0),
	('bcaba', 'Some Name Umbenannt', 0),
	('bcabb', 'Some Name Umbenannt', 0),
	('bcacd', 'Some Name Umbenannt', 0),
	('bcace', 'Some Name Umbenannt', 0),
	('bcada', 'Some Name Umbenannt', 0),
	('bcadb', 'Some Name Umbenannt', 0),
	('bcadc', 'Some Name Umbenannt', 0),
	('bcadd', 'Some Name', 0),
	('bcbaa', 'Some Name', 0),
	('bcbac', 'Some Name Umbenannt', 0),
	('bcbba', 'Some Name Umbenannt', 0),
	('bcbbb', 'Some Name Umbenannt', 0),
	('bcbbc', 'Some Name', 0),
	('bcbbe', 'Some Name', 0),
	('bcbca', 'Some Name', 0),
	('bcbcc', 'Some Name Umbenannt', 0),
	('bcbce', 'Some Name Umbenannt', 0),
	('bcbea', 'Some Name Umbenannt', 0),
	('bccab', 'Some Name Umbenannt', 0),
	('bccac', 'Some Name Umbenannt', 0),
	('bccad', 'Some Name Umbenannt', 0),
	('bccba', 'Some Name', 0),
	('bccbd', 'Some Name Umbenannt', 0),
	('bccbe', 'Some Name Umbenannt', 0),
	('bcccd', 'Some Name Umbenannt', 0),
	('bccdb', 'Some Name', 0),
	('bccdc', 'Some Name', 0),
	('bcceb', 'Some Name Umbenannt', 0),
	('bcced', 'Some Name Umbenannt', 0),
	('bcdab', 'Some Name', 0),
	('bcdac', 'Some Name Umbenannt', 0),
	('bcdae', 'Some Name', 0),
	('bcdbb', 'Some Name Umbenannt', 0),
	('bcdbd', 'Some Name Umbenannt', 0),
	('bcdcb', 'Some Name Umbenannt', 0),
	('bcddb', 'Some Name Umbenannt', 0),
	('bcdea', 'Some Name', 0),
	('bceab', 'Some Name Umbenannt', 0),
	('bcebb', 'Some Name Umbenannt', 0),
	('bcebe', 'Some Name', 0),
	('bceeb', 'Some Name', 0),
	('bceed', 'Some Name Umbenannt', 0),
	('bdaab', 'Some Name', 0),
	('bdaad', 'Some Name', 0),
	('bdaae', 'Some Name', 0),
	('bdabe', 'Some Name Umbenannt', 0),
	('bdaca', 'Some Name', 0),
	('bdade', 'Some Name', 0),
	('bdaea', 'Some Name Umbenannt', 0),
	('bdaec', 'Some Name Umbenannt', 0),
	('bdbad', 'Some Name Umbenannt', 0),
	('bdbba', 'Some Name', 0),
	('bdbbe', 'Some Name Umbenannt', 0),
	('bdbcb', 'Some Name Umbenannt', 0),
	('bdbdc', 'Some Name Umbenannt', 0),
	('bdbea', 'Some Name Umbenannt', 0),
	('bdbec', 'Some Name', 0),
	('bdbee', 'Some Name Umbenannt', 0),
	('bdcaa', 'Some Name Umbenannt', 0),
	('bdcad', 'Some Name Umbenannt', 0),
	('bdcae', 'Some Name Umbenannt', 0),
	('bdcca', 'Some Name', 0),
	('bdcce', 'Some Name Umbenannt', 0),
	('bdcdd', 'Some Name', 0),
	('bdcde', 'Some Name Umbenannt', 0),
	('bdcea', 'Some Name', 0),
	('bdcec', 'Some Name Umbenannt', 0),
	('bdced', 'Some Name Umbenannt', 0),
	('bddaa', 'Some Name Umbenannt', 0),
	('bddba', 'Some Name Umbenannt', 0),
	('bddbb', 'Some Name', 0),
	('bddbd', 'Some Name Umbenannt', 0),
	('bddbe', 'Some Name Umbenannt', 0),
	('bddcc', 'Some Name Umbenannt', 0),
	('bddcd', 'Some Name Umbenannt', 0),
	('bddda', 'Some Name', 0),
	('bdddb', 'Some Name Umbenannt', 0),
	('bdddc', 'Some Name', 0),
	('bdddd', 'Some Name Umbenannt', 0),
	('bddde', 'Some Name Umbenannt', 0),
	('bddea', 'Some Name', 0),
	('bddee', 'Some Name', 0),
	('bdeae', 'Some Name Umbenannt', 0),
	('bdebb', 'Some Name', 0),
	('bdebe', 'Some Name', 0),
	('bdecb', 'Some Name Umbenannt', 0),
	('bdecc', 'Some Name Umbenannt', 0),
	('bdedb', 'Some Name', 0),
	('bdedd', 'Some Name Umbenannt', 0),
	('bdeea', 'Some Name Umbenannt', 0),
	('bdeeb', 'Some Name Umbenannt', 0),
	('bdeec', 'Some Name Umbenannt', 0),
	('bdeee', 'Some Name', 0),
	('beaad', 'Some Name Umbenannt', 0),
	('beabb', 'Some Name', 0),
	('beaca', 'Some Name', 0),
	('beacb', 'Some Name Umbenannt', 0),
	('beace', 'Some Name Umbenannt', 0),
	('beadc', 'Some Name', 0),
	('beade', 'Some Name Umbenannt', 0),
	('beaee', 'Some Name', 0),
	('bebab', 'Some Name Umbenannt', 0),
	('bebac', 'Some Name', 0),
	('bebad', 'Some Name Umbenannt', 0),
	('bebae', 'Some Name', 0),
	('bebbb', 'Some Name', 0),
	('bebbd', 'Some Name', 0),
	('bebbe', 'Some Name Umbenannt', 0),
	('bebca', 'Some Name Umbenannt', 0),
	('bebcb', 'Some Name', 0),
	('bebcc', 'Some Name Umbenannt', 0),
	('bebcd', 'Some Name Umbenannt', 0),
	('bebda', 'Some Name Umbenannt', 0),
	('bebdb', 'Some Name Umbenannt', 0),
	('bebde', 'Some Name Umbenannt', 0),
	('bebec', 'Some Name', 0),
	('bebed', 'Some Name', 0),
	('becac', 'Some Name', 0),
	('becbd', 'Some Name Umbenannt', 0),
	('becca', 'Some Name', 0),
	('beccd', 'Some Name Umbenannt', 0),
	('becdb', 'Some Name', 0),
	('becdd', 'Some Name', 0),
	('beced', 'Some Name', 0),
	('becee', 'Some Name', 0),
	('bedab', 'Some Name Umbenannt', 0),
	('bedad', 'Some Name', 0),
	('bedae', 'Some Name', 0),
	('bedba', 'Some Name', 0),
	('bedbb', 'Some Name Umbenannt', 0),
	('bedbc', 'Some Name', 0),
	('bedca', 'Some Name', 0),
	('bedcd', 'Some Name', 0),
	('bedce', 'Some Name Umbenannt', 0),
	('beddd', 'Some Name Umbenannt', 0),
	('bedea', 'Some Name Umbenannt', 0),
	('bedec', 'Some Name Umbenannt', 0),
	('beded', 'Some Name Umbenannt', 0),
	('bedee', 'Some Name', 0),
	('beeaa', 'Some Name', 0),
	('beeab', 'Some Name Umbenannt', 0),
	('beeac', 'Some Name Umbenannt', 0),
	('beebc', 'Some Name', 0),
	('beebe', 'Some Name Umbenannt', 0),
	('beecc', 'Some Name Umbenannt', 0),
	('beecd', 'Some Name Umbenannt', 0),
	('beeda', 'Some Name Umbenannt', 0),
	('beedb', 'Some Name Umbenannt', 0),
	('beeeb', 'Some Name Umbenannt', 0),
	('beeec', 'Some Name', 0),
	('beeee', 'Some Name Umbenannt', 0),
	('caaaa', 'Some Name Umbenannt', 0),
	('caaba', 'Some Name Umbenannt', 0),
	('caada', 'Some Name Umbenannt', 0),
	('caade', 'Some Name', 0),
	('caaea', 'Some Name Umbenannt', 0),
	('caaeb', 'Some Name', 0),
	('cabaa', 'Some Name Umbenannt', 0),
	('cabab', 'Some Name Umbenannt', 0),
	('cabad', 'Some Name Umbenannt', 0),
	('cabae', 'Some Name Umbenannt', 0),
	('cabbb', 'Some Name', 0),
	('cabbc', 'Some Name', 0),
	('cabbe', 'Some Name', 0),
	('cabda', 'Some Name', 0),
	('cabdb', 'Some Name', 0),
	('cabdc', 'Some Name', 0),
	('cabdd', 'Some Name Umbenannt', 0),
	('cabde', 'Some Name', 0),
	('cabea', 'Some Name', 0),
	('cabed', 'Some Name Umbenannt', 0),
	('cacab', 'Some Name Umbenannt', 0),
	('cacad', 'Some Name Umbenannt', 0),
	('cacae', 'Some Name', 0),
	('cacca', 'Some Name Umbenannt', 0),
	('caccb', 'Some Name Umbenannt', 0),
	('caccd', 'Some Name', 0),
	('cacce', 'Some Name Umbenannt', 0),
	('cacda', 'Some Name Umbenannt', 0),
	('cacdc', 'Some Name Umbenannt', 0),
	('cacde', 'Some Name Umbenannt', 0),
	('cacee', 'Some Name', 0),
	('cadaa', 'Some Name Umbenannt', 0),
	('cadac', 'Some Name', 0),
	('cadad', 'Some Name', 0),
	('cadbb', 'Some Name', 0),
	('cadbc', 'Some Name Umbenannt', 0),
	('cadbe', 'Some Name', 0),
	('cadcc', 'Some Name', 0),
	('cadcd', 'Some Name Umbenannt', 0),
	('cadda', 'Some Name Umbenannt', 0),
	('caddb', 'Some Name', 0),
	('caddd', 'Some Name Umbenannt', 0),
	('cadea', 'Some Name', 0),
	('cadec', 'Some Name Umbenannt', 0),
	('caeaa', 'Some Name', 0),
	('caeac', 'Some Name Umbenannt', 0),
	('caebb', 'Some Name Umbenannt', 0),
	('caebc', 'Some Name', 0),
	('caebd', 'Some Name', 0),
	('caeca', 'Some Name Umbenannt', 0),
	('caecc', 'Some Name Umbenannt', 0),
	('caedd', 'Some Name Umbenannt', 0),
	('caeee', 'Some Name Umbenannt', 0),
	('cbaaa', 'Some Name Umbenannt', 0),
	('cbaac', 'Some Name Umbenannt', 0),
	('cbaad', 'Some Name', 0),
	('cbaae', 'Some Name Umbenannt', 0),
	('cbaba', 'Some Name Umbenannt', 0),
	('cbabb', 'Some Name', 0),
	('cbabd', 'Some Name', 0),
	('cbaca', 'Some Name', 0),
	('cbacb', 'Some Name Umbenannt', 0),
	('cbaea', 'Some Name Umbenannt', 0),
	('cbaeb', 'Some Name Umbenannt', 0),
	('cbaed', 'Some Name Umbenannt', 0),
	('cbbac', 'Some Name Umbenannt', 0),
	('cbbbc', 'Some Name', 0),
	('cbbca', 'Some Name', 0),
	('cbbcb', 'Some Name Umbenannt', 0),
	('cbbcc', 'Some Name Umbenannt', 0),
	('cbbcd', 'Some Name', 0),
	('cbbce', 'Some Name', 0),
	('cbbec', 'Some Name Umbenannt', 0),
	('cbbee', 'Some Name Umbenannt', 0),
	('cbcaa', 'Some Name Umbenannt', 0),
	('cbcac', 'Some Name Umbenannt', 0),
	('cbcbc', 'Some Name Umbenannt', 0),
	('cbcbd', 'Some Name Umbenannt', 0),
	('cbcca', 'Some Name Umbenannt', 0),
	('cbccc', 'Some Name Umbenannt', 0),
	('cbccd', 'Some Name', 0),
	('cbcdb', 'Some Name Umbenannt', 0),
	('cbcdc', 'Some Name Umbenannt', 0),
	('cbcde', 'Some Name', 0),
	('cbcec', 'Some Name Umbenannt', 0),
	('cbcee', 'Some Name Umbenannt', 0),
	('cbdaa', 'Some Name', 0),
	('cbdab', 'Some Name Umbenannt', 0),
	('cbdac', 'Some Name', 0),
	('cbdad', 'Some Name Umbenannt', 0),
	('cbdae', 'Some Name Umbenannt', 0),
	('cbdba', 'Some Name', 0),
	('cbdbd', 'Some Name Umbenannt', 0),
	('cbdce', 'Some Name', 0),
	('cbddb', 'Some Name Umbenannt', 0),
	('cbddd', 'Some Name', 0),
	('cbdde', 'Some Name Umbenannt', 0),
	('cbded', 'Some Name Umbenannt', 0),
	('cbeaa', 'Some Name Umbenannt', 0),
	('cbeab', 'Some Name Umbenannt', 0),
	('cbead', 'Some Name', 0),
	('cbebc', 'Some Name Umbenannt', 0),
	('cbece', 'Some Name Umbenannt', 0),
	('cbedc', 'Some Name Umbenannt', 0),
	('cbede', 'Some Name Umbenannt', 0),
	('cbeec', 'Some Name Umbenannt', 0),
	('ccaaa', 'Some Name', 0),
	('ccaac', 'Some Name Umbenannt', 0),
	('ccaba', 'Some Name', 0),
	('ccabc', 'Some Name Umbenannt', 0),
	('ccaca', 'Some Name', 0),
	('ccacb', 'Some Name Umbenannt', 0),
	('ccadd', 'Some Name', 0),
	('ccaea', 'Some Name Umbenannt', 0),
	('ccaeb', 'Some Name Umbenannt', 0),
	('ccbaa', 'Some Name', 0),
	('ccbac', 'Some Name', 0),
	('ccbad', 'Some Name Umbenannt', 0),
	('ccbbb', 'Some Name Umbenannt', 0),
	('ccbbc', 'Some Name', 0),
	('ccbbd', 'Some Name', 0),
	('ccbbe', 'Some Name Umbenannt', 0),
	('ccbcb', 'Some Name Umbenannt', 0),
	('ccbcc', 'Some Name Umbenannt', 0),
	('ccbda', 'Some Name Umbenannt', 0),
	('ccbdd', 'Some Name', 0),
	('ccbec', 'Some Name', 0),
	('ccbee', 'Some Name Umbenannt', 0),
	('cccab', 'Some Name Umbenannt', 0),
	('cccad', 'Some Name', 0),
	('cccbe', 'Some Name', 0),
	('cccca', 'Some Name Umbenannt', 0),
	('ccccd', 'Some Name Umbenannt', 0),
	('cccce', 'Some Name Umbenannt', 0),
	('cccda', 'Some Name Umbenannt', 0),
	('cccdb', 'Some Name', 0),
	('cccea', 'Some Name Umbenannt', 0),
	('cccec', 'Some Name Umbenannt', 0),
	('cccee', 'Some Name Umbenannt', 0),
	('ccdae', 'Some Name Umbenannt', 0),
	('ccdba', 'Some Name', 0),
	('ccdbd', 'Some Name Umbenannt', 0),
	('ccdcb', 'Some Name Umbenannt', 0),
	('ccdda', 'Some Name Umbenannt', 0),
	('ccddb', 'Some Name', 0),
	('ccddc', 'Some Name', 0),
	('ccddd', 'Some Name Umbenannt', 0),
	('cceaa', 'Some Name', 0),
	('ccebc', 'Some Name Umbenannt', 0),
	('ccebe', 'Some Name Umbenannt', 0),
	('cceca', 'Some Name', 0),
	('ccecb', 'Some Name Umbenannt', 0),
	('ccece', 'Some Name Umbenannt', 0),
	('cceda', 'Some Name Umbenannt', 0),
	('ccedc', 'Some Name Umbenannt', 0),
	('cceea', 'Some Name Umbenannt', 0),
	('cceec', 'Some Name Umbenannt', 0),
	('cceee', 'Some Name Umbenannt', 0),
	('cdaaa', 'Some Name Umbenannt', 0),
	('cdaae', 'Some Name Umbenannt', 0),
	('cdaba', 'Some Name Umbenannt', 0),
	('cdabb', 'Some Name Umbenannt', 0),
	('cdacd', 'Some Name', 0),
	('cdada', 'Some Name', 0),
	('cdadc', 'Some Name Umbenannt', 0),
	('cdadd', 'Some Name Umbenannt', 0),
	('cdaec', 'Some Name', 0),
	('cdaed', 'Some Name Umbenannt', 0),
	('cdbaa', 'Some Name', 0),
	('cdbab', 'Some Name Umbenannt', 0),
	('cdbad', 'Some Name', 0),
	('cdbba', 'Some Name Umbenannt', 0),
	('cdbbb', 'Some Name', 0),
	('cdbce', 'Some Name', 0),
	('cdbda', 'Some Name Umbenannt', 0),
	('cdbdd', 'Some Name Umbenannt', 0),
	('cdbea', 'Some Name Umbenannt', 0),
	('cdbee', 'Some Name', 0),
	('cdcae', 'Some Name Umbenannt', 0),
	('cdcbd', 'Some Name', 0),
	('cdcca', 'Some Name', 0),
	('cdccb', 'Some Name', 0),
	('cdcce', 'Some Name Umbenannt', 0),
	('cdcde', 'Some Name', 0),
	('cdcec', 'Some Name Umbenannt', 0),
	('cdced', 'Some Name Umbenannt', 0),
	('cdcee', 'Some Name', 0),
	('cddaa', 'Some Name', 0),
	('cddac', 'Some Name', 0),
	('cddae', 'Some Name', 0),
	('cddba', 'Some Name Umbenannt', 0),
	('cddbc', 'Some Name Umbenannt', 0),
	('cddbd', 'Some Name', 0),
	('cddcc', 'Some Name', 0),
	('cddcd', 'Some Name Umbenannt', 0),
	('cddda', 'Some Name Umbenannt', 0),
	('cddde', 'Some Name Umbenannt', 0),
	('cddea', 'Some Name', 0),
	('cdded', 'Some Name Umbenannt', 0),
	('cdeaa', 'Some Name', 0),
	('cdeae', 'Some Name', 0),
	('cdeba', 'Some Name', 0),
	('cdebe', 'Some Name', 0),
	('cdecc', 'Some Name Umbenannt', 0),
	('cdedd', 'Some Name Umbenannt', 0),
	('cdede', 'Some Name Umbenannt', 0),
	('cdeea', 'Some Name', 0),
	('cdeeb', 'Some Name Umbenannt', 0),
	('cdeee', 'Some Name Umbenannt', 0),
	('ceaac', 'Some Name Umbenannt', 0),
	('ceabd', 'Some Name Umbenannt', 0),
	('ceabe', 'Some Name Umbenannt', 0),
	('ceaca', 'Some Name Umbenannt', 0),
	('ceacb', 'Some Name Umbenannt', 0),
	('ceacc', 'Some Name', 0),
	('ceacd', 'Some Name Umbenannt', 0),
	('ceace', 'Some Name Umbenannt', 0),
	('ceada', 'Some Name Umbenannt', 0),
	('ceadc', 'Some Name', 0),
	('ceadd', 'Some Name Umbenannt', 0),
	('ceade', 'Some Name Umbenannt', 0),
	('ceaec', 'Some Name Umbenannt', 0),
	('ceaee', 'Some Name', 0),
	('cebaa', 'Some Name', 0),
	('cebab', 'Some Name', 0),
	('cebac', 'Some Name Umbenannt', 0),
	('cebad', 'Some Name Umbenannt', 0),
	('cebae', 'Some Name', 0),
	('cebba', 'Some Name', 0),
	('cebbe', 'Some Name Umbenannt', 0),
	('cebcc', 'Some Name Umbenannt', 0),
	('cebcd', 'Some Name Umbenannt', 0),
	('cebda', 'Some Name Umbenannt', 0),
	('cebdd', 'Some Name', 0),
	('cebde', 'Some Name', 0),
	('cebeb', 'Some Name Umbenannt', 0),
	('cebee', 'Some Name Umbenannt', 0),
	('cecad', 'Some Name', 0),
	('cecbc', 'Some Name Umbenannt', 0),
	('ceccb', 'Some Name', 0),
	('ceccc', 'Some Name', 0),
	('cecdc', 'Some Name Umbenannt', 0),
	('cecea', 'Some Name', 0),
	('ceceb', 'Some Name', 0),
	('cecee', 'Some Name Umbenannt', 0),
	('cedaa', 'Some Name', 0),
	('cedac', 'Some Name', 0),
	('cedba', 'Some Name Umbenannt', 0),
	('cedbb', 'Some Name Umbenannt', 0),
	('cedbe', 'Some Name Umbenannt', 0),
	('cedca', 'Some Name', 0),
	('cedcb', 'Some Name', 0),
	('cedda', 'Some Name', 0),
	('cedde', 'Some Name Umbenannt', 0),
	('ceded', 'Some Name Umbenannt', 0),
	('ceeaa', 'Some Name', 0),
	('ceecb', 'Some Name Umbenannt', 0),
	('ceecc', 'Some Name Umbenannt', 0),
	('ceecd', 'Some Name', 0),
	('ceedc', 'Some Name Umbenannt', 0),
	('ceede', 'Some Name', 0),
	('ceeeb', 'Some Name', 0),
	('ceeee', 'Some Name', 0),
	('daaad', 'Some Name Umbenannt', 0),
	('daabb', 'Some Name', 0),
	('daabc', 'Some Name', 0),
	('daacb', 'Some Name', 0),
	('daadb', 'Some Name Umbenannt', 0),
	('daadc', 'Some Name Umbenannt', 0),
	('daadd', 'Some Name Umbenannt', 0),
	('daade', 'Some Name Umbenannt', 0),
	('daaea', 'Some Name', 0),
	('daaec', 'Some Name Umbenannt', 0),
	('dabab', 'Some Name', 0),
	('dabbb', 'Some Name Umbenannt', 0),
	('dabca', 'Some Name', 0),
	('dabcb', 'Some Name Umbenannt', 0),
	('dabcc', 'Some Name Umbenannt', 0),
	('dabce', 'Some Name Umbenannt', 0),
	('dabda', 'Some Name Umbenannt', 0),
	('dabde', 'Some Name Umbenannt', 0),
	('dabea', 'Some Name Umbenannt', 0),
	('dabec', 'Some Name', 0),
	('dabed', 'Some Name', 0),
	('dabee', 'Some Name', 0),
	('dacab', 'Some Name', 0),
	('dacad', 'Some Name Umbenannt', 0),
	('dacbb', 'Some Name', 0),
	('daccd', 'Some Name Umbenannt', 0),
	('dacce', 'Some Name Umbenannt', 0),
	('dacda', 'Some Name Umbenannt', 0),
	('dacdb', 'Some Name', 0),
	('dacdc', 'Some Name', 0),
	('dacdd', 'Some Name', 0),
	('daceb', 'Some Name Umbenannt', 0),
	('dacec', 'Some Name Umbenannt', 0),
	('daced', 'Some Name', 0),
	('dadaa', 'Some Name', 0),
	('dadab', 'Some Name Umbenannt', 0),
	('dadba', 'Some Name Umbenannt', 0),
	('dadbc', 'Some Name', 0),
	('dadca', 'Some Name Umbenannt', 0),
	('dadcd', 'Some Name', 0),
	('dadce', 'Some Name Umbenannt', 0),
	('dadda', 'Some Name', 0),
	('daddb', 'Some Name Umbenannt', 0),
	('daddc', 'Some Name', 0),
	('dadeb', 'Some Name Umbenannt', 0),
	('dadec', 'Some Name Umbenannt', 0),
	('daded', 'Some Name', 0),
	('daeaa', 'Some Name Umbenannt', 0),
	('daeac', 'Some Name', 0),
	('daead', 'Some Name Umbenannt', 0),
	('daeba', 'Some Name Umbenannt', 0),
	('daebd', 'Some Name Umbenannt', 0),
	('daebe', 'Some Name Umbenannt', 0),
	('daeca', 'Some Name Umbenannt', 0),
	('daecb', 'Some Name Umbenannt', 0),
	('daedc', 'Some Name', 0),
	('daeea', 'Some Name Umbenannt', 0),
	('daeeb', 'Some Name', 0),
	('daeee', 'Some Name', 0),
	('dbaad', 'Some Name Umbenannt', 0),
	('dbaae', 'Some Name', 0),
	('dbabb', 'Some Name', 0),
	('dbabe', 'Some Name Umbenannt', 0),
	('dbacd', 'Some Name Umbenannt', 0),
	('dbace', 'Some Name Umbenannt', 0),
	('dbada', 'Some Name', 0),
	('dbade', 'Some Name', 0),
	('dbaed', 'Some Name Umbenannt', 0),
	('dbaee', 'Some Name', 0),
	('dbbaa', 'Some Name Umbenannt', 0),
	('dbbab', 'Some Name Umbenannt', 0),
	('dbbac', 'Some Name Umbenannt', 0),
	('dbbad', 'Some Name', 0),
	('dbbae', 'Some Name Umbenannt', 0),
	('dbbbd', 'Some Name Umbenannt', 0),
	('dbbca', 'Some Name Umbenannt', 0),
	('dbbcb', 'Some Name Umbenannt', 0),
	('dbbda', 'Some Name', 0),
	('dbbdd', 'Some Name', 0),
	('dbbde', 'Some Name Umbenannt', 0),
	('dbbea', 'Some Name Umbenannt', 0),
	('dbcac', 'Some Name', 0),
	('dbcbb', 'Some Name', 0),
	('dbcbc', 'Some Name Umbenannt', 0),
	('dbcca', 'Some Name', 0),
	('dbccc', 'Some Name Umbenannt', 0),
	('dbcdb', 'Some Name Umbenannt', 0),
	('dbcde', 'Some Name Umbenannt', 0),
	('dbced', 'Some Name', 0),
	('dbdaa', 'Some Name Umbenannt', 0),
	('dbdac', 'Some Name Umbenannt', 0),
	('dbdae', 'Some Name Umbenannt', 0),
	('dbdba', 'Some Name Umbenannt', 0),
	('dbdbb', 'Some Name', 0),
	('dbdbc', 'Some Name Umbenannt', 0),
	('dbdbe', 'Some Name Umbenannt', 0),
	('dbdca', 'Some Name Umbenannt', 0),
	('dbdda', 'Some Name Umbenannt', 0),
	('dbddb', 'Some Name', 0),
	('dbddc', 'Some Name Umbenannt', 0),
	('dbdee', 'Some Name Umbenannt', 0),
	('dbeab', 'Some Name Umbenannt', 0),
	('dbeac', 'Some Name Umbenannt', 0),
	('dbeca', 'Some Name Umbenannt', 0),
	('dbecb', 'Some Name', 0),
	('dbece', 'Some Name', 0),
	('dbedd', 'Some Name Umbenannt', 0),
	('dbeea', 'Some Name', 0),
	('dbeee', 'Some Name', 0),
	('dcaaa', 'Some Name', 0),
	('dcaab', 'Some Name Umbenannt', 0),
	('dcaac', 'Some Name', 0),
	('dcaad', 'Some Name Umbenannt', 0),
	('dcaae', 'Some Name', 0),
	('dcaba', 'Some Name Umbenannt', 0),
	('dcabc', 'Some Name Umbenannt', 0),
	('dcabd', 'Some Name Umbenannt', 0),
	('dcaca', 'Some Name Umbenannt', 0),
	('dcacb', 'Some Name', 0),
	('dcacc', 'Some Name', 0),
	('dcada', 'Some Name', 0),
	('dcadc', 'Some Name Umbenannt', 0),
	('dcadd', 'Some Name Umbenannt', 0),
	('dcade', 'Some Name Umbenannt', 0),
	('dcaec', 'Some Name Umbenannt', 0),
	('dcbaa', 'Some Name Umbenannt', 0),
	('dcbab', 'Some Name Umbenannt', 0),
	('dcbad', 'Some Name Umbenannt', 0),
	('dcbae', 'Some Name Umbenannt', 0),
	('dcbbb', 'Some Name', 0),
	('dcbbc', 'Some Name', 0),
	('dcbbe', 'Some Name Umbenannt', 0),
	('dcbca', 'Some Name', 0),
	('dcbda', 'Some Name Umbenannt', 0),
	('dcbdc', 'Some Name Umbenannt', 0),
	('dcbdd', 'Some Name', 0),
	('dcbde', 'Some Name', 0),
	('dcbec', 'Some Name Umbenannt', 0),
	('dcbee', 'Some Name', 0),
	('dccaa', 'Some Name Umbenannt', 0),
	('dccac', 'Some Name', 0),
	('dccae', 'Some Name Umbenannt', 0),
	('dccbc', 'Some Name', 0),
	('dccbd', 'Some Name Umbenannt', 0),
	('dcccb', 'Some Name Umbenannt', 0),
	('dcccc', 'Some Name Umbenannt', 0),
	('dccce', 'Some Name Umbenannt', 0),
	('dccdb', 'Some Name', 0),
	('dccec', 'Some Name Umbenannt', 0),
	('dcced', 'Some Name', 0),
	('dcdaa', 'Some Name Umbenannt', 0),
	('dcdad', 'Some Name Umbenannt', 0),
	('dcdba', 'Some Name Umbenannt', 0),
	('dcdbb', 'Some Name', 0),
	('dcdbc', 'Some Name Umbenannt', 0),
	('dcdca', 'Some Name Umbenannt', 0),
	('dcdcb', 'Some Name', 0),
	('dcdcd', 'Some Name', 0),
	('dcdde', 'Some Name Umbenannt', 0),
	('dcdea', 'Some Name Umbenannt', 0),
	('dcded', 'Some Name', 0),
	('dcdee', 'Some Name Umbenannt', 0),
	('dceab', 'Some Name', 0),
	('dcead', 'Some Name Umbenannt', 0),
	('dceae', 'Some Name Umbenannt', 0),
	('dceba', 'Some Name Umbenannt', 0),
	('dcebd', 'Some Name', 0),
	('dcecb', 'Some Name Umbenannt', 0),
	('dcecc', 'Some Name Umbenannt', 0),
	('dcecd', 'Some Name', 0),
	('dceda', 'Some Name Umbenannt', 0),
	('dcedc', 'Some Name Umbenannt', 0),
	('dcede', 'Some Name Umbenannt', 0),
	('dceea', 'Some Name Umbenannt', 0),
	('dceed', 'Some Name Umbenannt', 0),
	('dceee', 'Some Name Umbenannt', 0),
	('ddaac', 'Some Name Umbenannt', 0),
	('ddaba', 'Some Name Umbenannt', 0),
	('ddabe', 'Some Name Umbenannt', 0),
	('ddaca', 'Some Name', 0),
	('ddacc', 'Some Name', 0),
	('ddace', 'Some Name', 0),
	('ddada', 'Some Name Umbenannt', 0),
	('ddaed', 'Some Name Umbenannt', 0),
	('ddaee', 'Some Name Umbenannt', 0),
	('ddbab', 'Some Name Umbenannt', 0),
	('ddbbb', 'Some Name Umbenannt', 0),
	('ddbbc', 'Some Name Umbenannt', 0),
	('ddbbd', 'Some Name Umbenannt', 0),
	('ddbcc', 'Some Name', 0),
	('ddbdc', 'Some Name Umbenannt', 0),
	('ddbdd', 'Some Name', 0),
	('ddbea', 'Some Name Umbenannt', 0),
	('ddbee', 'Some Name Umbenannt', 0),
	('ddcaa', 'Some Name', 0),
	('ddcae', 'Some Name', 0),
	('ddcbe', 'Some Name', 0),
	('ddccb', 'Some Name Umbenannt', 0),
	('ddccc', 'Some Name Umbenannt', 0),
	('ddcce', 'Some Name', 0),
	('ddcdb', 'Some Name', 0),
	('ddcdc', 'Some Name', 0),
	('ddcdd', 'Some Name Umbenannt', 0),
	('ddcea', 'Some Name Umbenannt', 0),
	('ddcec', 'Some Name Umbenannt', 0),
	('dddad', 'Some Name Umbenannt', 0),
	('dddae', 'Some Name', 0),
	('dddba', 'Some Name Umbenannt', 0),
	('dddbd', 'Some Name', 0),
	('dddbe', 'Some Name Umbenannt', 0),
	('dddca', 'Some Name Umbenannt', 0),
	('dddcc', 'Some Name Umbenannt', 0),
	('dddda', 'Some Name Umbenannt', 0),
	('ddddc', 'Some Name', 0),
	('dddea', 'Some Name Umbenannt', 0),
	('ddeab', 'Some Name', 0),
	('ddeac', 'Some Name', 0),
	('ddeba', 'Some Name Umbenannt', 0),
	('ddebc', 'Some Name', 0),
	('ddebe', 'Some Name Umbenannt', 0),
	('ddeca', 'Some Name', 0),
	('ddecb', 'Some Name', 0),
	('ddedb', 'Some Name', 0),
	('ddeec', 'Some Name Umbenannt', 0),
	('ddeed', 'Some Name', 0),
	('ddeee', 'Some Name', 0),
	('deaaa', 'Some Name', 0),
	('deaab', 'Some Name', 0),
	('deabb', 'Some Name', 0),
	('deacb', 'Some Name', 0),
	('deacc', 'Some Name', 0),
	('deace', 'Some Name Umbenannt', 0),
	('deada', 'Some Name Umbenannt', 0),
	('deadc', 'Some Name Umbenannt', 0),
	('deadd', 'Some Name Umbenannt', 0),
	('deaeb', 'Some Name Umbenannt', 0),
	('deaed', 'Some Name Umbenannt', 0),
	('deaee', 'Some Name Umbenannt', 0),
	('debca', 'Some Name', 0),
	('debcd', 'Some Name', 0),
	('debda', 'Some Name Umbenannt', 0),
	('debde', 'Some Name Umbenannt', 0),
	('debea', 'Some Name', 0),
	('debed', 'Some Name', 0),
	('decab', 'Some Name', 0),
	('decac', 'Some Name Umbenannt', 0),
	('decad', 'Some Name Umbenannt', 0),
	('decae', 'Some Name Umbenannt', 0),
	('decbd', 'Some Name Umbenannt', 0),
	('decbe', 'Some Name', 0),
	('decca', 'Some Name Umbenannt', 0),
	('deccb', 'Some Name Umbenannt', 0),
	('decda', 'Some Name', 0),
	('decdc', 'Some Name Umbenannt', 0),
	('decdd', 'Some Name Umbenannt', 0),
	('decde', 'Some Name Umbenannt', 0),
	('deceb', 'Some Name Umbenannt', 0),
	('decec', 'Some Name Umbenannt', 0),
	('deced', 'Some Name Umbenannt', 0),
	('decee', 'Some Name Umbenannt', 0),
	('dedad', 'Some Name Umbenannt', 0),
	('dedae', 'Some Name Umbenannt', 0),
	('dedbb', 'Some Name', 0),
	('dedcb', 'Some Name Umbenannt', 0),
	('dedcc', 'Some Name', 0),
	('dedcd', 'Some Name Umbenannt', 0),
	('dedda', 'Some Name', 0),
	('deddb', 'Some Name', 0),
	('dedde', 'Some Name', 0),
	('dedeb', 'Some Name', 0),
	('dedec', 'Some Name Umbenannt', 0),
	('dedee', 'Some Name Umbenannt', 0),
	('deeaa', 'Some Name Umbenannt', 0),
	('deeae', 'Some Name Umbenannt', 0),
	('deeba', 'Some Name', 0),
	('deebb', 'Some Name Umbenannt', 0),
	('deebd', 'Some Name Umbenannt', 0),
	('deecd', 'Some Name', 0),
	('deece', 'Some Name Umbenannt', 0),
	('deeda', 'Some Name Umbenannt', 0),
	('deedb', 'Some Name Umbenannt', 0),
	('deedc', 'Some Name', 0),
	('deedd', 'Some Name', 0),
	('deeed', 'Some Name', 0),
	('deeee', 'Some Name', 0),
	('eaaac', 'Some Name Umbenannt', 0),
	('eaabe', 'Some Name', 0),
	('eaacc', 'Some Name Umbenannt', 0),
	('eaacd', 'Some Name', 0),
	('eaace', 'Some Name Umbenannt', 0),
	('eaada', 'Some Name Umbenannt', 0),
	('eaade', 'Some Name Umbenannt', 0),
	('eaaec', 'Some Name Umbenannt', 0),
	('eabab', 'Some Name', 0),
	('eabae', 'Some Name Umbenannt', 0),
	('eabbb', 'Some Name Umbenannt', 0),
	('eabbc', 'Some Name Umbenannt', 0),
	('eabbe', 'Some Name Umbenannt', 0),
	('eabcb', 'Some Name Umbenannt', 0),
	('eabce', 'Some Name Umbenannt', 0),
	('eabdd', 'Some Name', 0),
	('eabde', 'Some Name', 0),
	('eabea', 'Some Name Umbenannt', 0),
	('eabeb', 'Some Name Umbenannt', 0),
	('eabec', 'Some Name Umbenannt', 0),
	('eacac', 'Some Name Umbenannt', 0),
	('eacad', 'Some Name Umbenannt', 0),
	('eacbd', 'Some Name Umbenannt', 0),
	('eacbe', 'Some Name', 0),
	('eaccd', 'Some Name Umbenannt', 0),
	('eacdb', 'Some Name Umbenannt', 0),
	('eacdd', 'Some Name', 0),
	('eaceb', 'Some Name Umbenannt', 0),
	('eaced', 'Some Name Umbenannt', 0),
	('eadad', 'Some Name Umbenannt', 0),
	('eadbc', 'Some Name', 0),
	('eadbd', 'Some Name Umbenannt', 0),
	('eadbe', 'Some Name Umbenannt', 0),
	('eadcc', 'Some Name Umbenannt', 0),
	('eadcd', 'Some Name Umbenannt', 0),
	('eadda', 'Some Name', 0),
	('eaddd', 'Some Name Umbenannt', 0),
	('eadee', 'Some Name', 0),
	('eaeaa', 'Some Name', 0),
	('eaeab', 'Some Name', 0),
	('eaead', 'Some Name Umbenannt', 0),
	('eaebc', 'Some Name Umbenannt', 0),
	('eaecc', 'Some Name Umbenannt', 0),
	('eaecd', 'Some Name Umbenannt', 0),
	('eaedb', 'Some Name Umbenannt', 0),
	('eaedc', 'Some Name', 0),
	('eaede', 'Some Name Umbenannt', 0),
	('eaeeb', 'Some Name', 0),
	('eaeee', 'Some Name Umbenannt', 0),
	('ebaab', 'Some Name', 0),
	('ebaad', 'Some Name Umbenannt', 0),
	('ebaba', 'Some Name', 0),
	('ebabc', 'Some Name', 0),
	('ebabe', 'Some Name', 0),
	('ebacb', 'Some Name Umbenannt', 0),
	('ebacc', 'Some Name Umbenannt', 0),
	('ebace', 'Some Name', 0),
	('ebaeb', 'Some Name Umbenannt', 0),
	('ebaee', 'Some Name Umbenannt', 0),
	('ebbaa', 'Some Name', 0),
	('ebbac', 'Some Name', 0),
	('ebbae', 'Some Name Umbenannt', 0),
	('ebbbb', 'Some Name', 0),
	('ebbbc', 'Some Name Umbenannt', 0),
	('ebbca', 'Some Name Umbenannt', 0),
	('ebbcb', 'Some Name Umbenannt', 0),
	('ebbda', 'Some Name Umbenannt', 0),
	('ebbdc', 'Some Name Umbenannt', 0),
	('ebbdd', 'Some Name Umbenannt', 0),
	('ebbed', 'Some Name Umbenannt', 0),
	('ebbee', 'Some Name Umbenannt', 0),
	('ebcaa', 'Some Name', 0),
	('ebcab', 'Some Name Umbenannt', 0),
	('ebcac', 'Some Name Umbenannt', 0),
	('ebcae', 'Some Name', 0),
	('ebcba', 'Some Name Umbenannt', 0),
	('ebcbd', 'Some Name Umbenannt', 0),
	('ebcca', 'Some Name Umbenannt', 0),
	('ebccc', 'Some Name', 0),
	('ebcce', 'Some Name Umbenannt', 0),
	('ebcda', 'Some Name Umbenannt', 0),
	('ebcde', 'Some Name Umbenannt', 0),
	('ebceb', 'Some Name', 0),
	('ebced', 'Some Name', 0),
	('ebdaa', 'Some Name', 0),
	('ebdac', 'Some Name Umbenannt', 0),
	('ebdbe', 'Some Name Umbenannt', 0),
	('ebdca', 'Some Name Umbenannt', 0),
	('ebdcc', 'Some Name Umbenannt', 0),
	('ebddc', 'Some Name Umbenannt', 0),
	('ebdde', 'Some Name', 0),
	('ebdea', 'Some Name Umbenannt', 0),
	('ebdec', 'Some Name Umbenannt', 0),
	('ebded', 'Some Name Umbenannt', 0),
	('ebeaa', 'Some Name Umbenannt', 0),
	('ebeba', 'Some Name Umbenannt', 0),
	('ebebc', 'Some Name Umbenannt', 0),
	('ebebe', 'Some Name Umbenannt', 0),
	('ebecc', 'Some Name Umbenannt', 0),
	('ebece', 'Some Name Umbenannt', 0),
	('ebeda', 'Some Name Umbenannt', 0),
	('ebeea', 'Some Name Umbenannt', 0),
	('ebeec', 'Some Name', 0),
	('ebeed', 'Some Name', 0),
	('ecaaa', 'Some Name', 0),
	('ecaab', 'Some Name Umbenannt', 0),
	('ecaba', 'Some Name Umbenannt', 0),
	('ecabe', 'Some Name Umbenannt', 0),
	('ecacd', 'Some Name', 0),
	('ecace', 'Some Name Umbenannt', 0),
	('ecade', 'Some Name Umbenannt', 0),
	('ecaeb', 'Some Name Umbenannt', 0),
	('ecaec', 'Some Name', 0),
	('ecbaa', 'Some Name Umbenannt', 0),
	('ecbad', 'Some Name Umbenannt', 0),
	('ecbbc', 'Some Name Umbenannt', 0),
	('ecbda', 'Some Name', 0),
	('ecbdc', 'Some Name Umbenannt', 0),
	('ecbdd', 'Some Name Umbenannt', 0),
	('ecbde', 'Some Name Umbenannt', 0),
	('ecbeb', 'Some Name Umbenannt', 0),
	('ecbec', 'Some Name Umbenannt', 0),
	('ecbed', 'Some Name Umbenannt', 0),
	('ecbee', 'Some Name Umbenannt', 0),
	('eccaa', 'Some Name Umbenannt', 0),
	('eccac', 'Some Name Umbenannt', 0),
	('eccae', 'Some Name Umbenannt', 0),
	('eccba', 'Some Name Umbenannt', 0),
	('eccbb', 'Some Name Umbenannt', 0),
	('eccbc', 'Some Name Umbenannt', 0),
	('eccbe', 'Some Name', 0),
	('ecccc', 'Some Name', 0),
	('ecccd', 'Some Name', 0),
	('eccdd', 'Some Name', 0),
	('eccde', 'Some Name', 0),
	('ecdab', 'Some Name Umbenannt', 0),
	('ecdae', 'Some Name', 0),
	('ecdbb', 'Some Name', 0),
	('ecdca', 'Some Name Umbenannt', 0),
	('ecdcb', 'Some Name', 0),
	('ecdcd', 'Some Name Umbenannt', 0),
	('ecdce', 'Some Name Umbenannt', 0),
	('ecdda', 'Some Name Umbenannt', 0),
	('ecdea', 'Some Name', 0),
	('ecdeb', 'Some Name Umbenannt', 0),
	('ecdec', 'Some Name', 0),
	('ecded', 'Some Name Umbenannt', 0),
	('eceab', 'Some Name', 0),
	('eceac', 'Some Name Umbenannt', 0),
	('eceae', 'Some Name Umbenannt', 0),
	('ececc', 'Some Name', 0),
	('edaaa', 'Some Name', 0),
	('edaad', 'Some Name', 0),
	('edaba', 'Some Name Umbenannt', 0),
	('edabb', 'Some Name Umbenannt', 0),
	('edada', 'Some Name', 0),
	('edadb', 'Some Name Umbenannt', 0),
	('edaeb', 'Some Name Umbenannt', 0),
	('edaed', 'Some Name', 0),
	('edaee', 'Some Name Umbenannt', 0),
	('edbab', 'Some Name', 0),
	('edbae', 'Some Name Umbenannt', 0),
	('edbba', 'Some Name Umbenannt', 0),
	('edbbd', 'Some Name', 0),
	('edbcb', 'Some Name Umbenannt', 0),
	('edbdc', 'Some Name', 0),
	('edbdd', 'Some Name', 0),
	('edbea', 'Some Name', 0),
	('edbec', 'Some Name Umbenannt', 0),
	('edbed', 'Some Name', 0),
	('edbee', 'Some Name Umbenannt', 0),
	('edcad', 'Some Name', 0),
	('edcba', 'Some Name Umbenannt', 0),
	('edcbb', 'Some Name Umbenannt', 0),
	('edccb', 'Some Name Umbenannt', 0),
	('edccd', 'Some Name Umbenannt', 0),
	('edcda', 'Some Name Umbenannt', 0),
	('edcdd', 'Some Name Umbenannt', 0),
	('edcde', 'Some Name Umbenannt', 0),
	('edcea', 'Some Name Umbenannt', 0),
	('edceb', 'Some Name', 0),
	('edcee', 'Some Name', 0),
	('eddaa', 'Some Name', 0),
	('eddab', 'Some Name', 0),
	('eddad', 'Some Name', 0),
	('eddba', 'Some Name', 0),
	('eddbb', 'Some Name Umbenannt', 0),
	('eddbd', 'Some Name Umbenannt', 0),
	('eddbe', 'Some Name', 0),
	('eddda', 'Some Name Umbenannt', 0),
	('eddeb', 'Some Name Umbenannt', 0),
	('edead', 'Some Name Umbenannt', 0),
	('edeae', 'Some Name Umbenannt', 0),
	('edeba', 'Some Name Umbenannt', 0),
	('edebb', 'Some Name Umbenannt', 0),
	('edebc', 'Some Name Umbenannt', 0),
	('edebe', 'Some Name Umbenannt', 0),
	('edecb', 'Some Name', 0),
	('edece', 'Some Name Umbenannt', 0),
	('ededc', 'Some Name Umbenannt', 0),
	('edeeb', 'Some Name Umbenannt', 0),
	('eeaaa', 'Some Name Umbenannt', 0),
	('eeaab', 'Some Name', 0),
	('eeaad', 'Some Name', 0),
	('eeaba', 'Some Name', 0),
	('eeacc', 'Some Name Umbenannt', 0),
	('eeadb', 'Some Name', 0),
	('eeaea', 'Some Name Umbenannt', 0),
	('eeaeb', 'Some Name Umbenannt', 0),
	('eebac', 'Some Name', 0),
	('eebae', 'Some Name Umbenannt', 0),
	('eebbe', 'Some Name Umbenannt', 0),
	('eebcb', 'Some Name', 0),
	('eebcd', 'Some Name Umbenannt', 0),
	('eebce', 'Some Name Umbenannt', 0),
	('eebda', 'Some Name Umbenannt', 0),
	('eebdd', 'Some Name Umbenannt', 0),
	('eebec', 'Some Name Umbenannt', 0),
	('eebee', 'Some Name Umbenannt', 0),
	('eecab', 'Some Name Umbenannt', 0),
	('eecac', 'Some Name Umbenannt', 0),
	('eecbb', 'Some Name Umbenannt', 0),
	('eeccb', 'Some Name Umbenannt', 0),
	('eeccc', 'Some Name', 0),
	('eecce', 'Some Name Umbenannt', 0),
	('eecdd', 'Some Name Umbenannt', 0),
	('eeced', 'Some Name Umbenannt', 0),
	('eedab', 'Some Name', 0),
	('eedad', 'Some Name', 0),
	('eedae', 'Some Name', 0),
	('eedba', 'Some Name Umbenannt', 0),
	('eedbb', 'Some Name', 0),
	('eedbd', 'Some Name Umbenannt', 0),
	('eedbe', 'Some Name', 0),
	('eedcb', 'Some Name', 0),
	('eedcd', 'Some Name Umbenannt', 0),
	('eedda', 'Some Name', 0),
	('eedeb', 'Some Name Umbenannt', 0),
	('eedec', 'Some Name', 0),
	('eeeaa', 'Some Name Umbenannt', 0),
	('eeeae', 'Some Name Umbenannt', 0),
	('eeebb', 'Some Name Umbenannt', 0),
	('eeeca', 'Some Name', 0),
	('eeece', 'Some Name Umbenannt', 0),
	('eeeda', 'Some Name Umbenannt', 0),
	('eeedc', 'Some Name', 0),
	('eeeea', 'Some Name', 0),
	('eeeeb', 'Some Name Umbenannt', 0);
/*!40000 ALTER TABLE `organisation` ENABLE KEYS */;

-- Exportiere Struktur von Tabelle organisation.rolle
CREATE TABLE IF NOT EXISTS `rolle` (
  `uuid` char(36) NOT NULL,
  `organisationuuid` char(36) NOT NULL,
  `name` varchar(255) NOT NULL,
  `version` int(11) NOT NULL DEFAULT 0,
  PRIMARY KEY (`organisationuuid`,`uuid`),
  KEY `uuid` (`uuid`),
  CONSTRAINT `rolle-organisation` FOREIGN KEY (`organisationuuid`) REFERENCES `organisation` (`uuid`) ON DELETE CASCADE
) ENGINE=InnoDB DEFAULT CHARSET=utf8;

-- Exportiere Daten aus Tabelle organisation.rolle: ~293 rows (ungefähr)
/*!40000 ALTER TABLE `rolle` DISABLE KEYS */;
INSERT INTO `rolle` (`uuid`, `organisationuuid`, `name`, `version`) VALUES
	('ceabb', 'aaacc', 'Some Name', 0),
	('acacb', 'aaaee', 'Some Name', 0),
	('bcabd', 'aabbc', 'Some Name', 0),
	('ccceb', 'aabcc', 'Some Name', 0),
	('ccbbe', 'aabdc', 'Some Name', 0),
	('cbaeb', 'aabed', 'Some Name', 0),
	('ccadd', 'aabed', 'Some Name', 0),
	('beddc', 'aacae', 'Some Name', 0),
	('ebceb', 'aadbe', 'Some Name', 0),
	('babde', 'aadea', 'Some Name', 0),
	('aeadc', 'aaeaa', 'Some Name', 0),
	('daedd', 'aaeac', 'Some Name', 0),
	('ecedb', 'aaeba', 'Some Name', 0),
	('eaead', 'aaeda', 'Some Name', 0),
	('edced', 'aaeea', 'Some Name', 0),
	('badca', 'ababd', 'Some Name', 0),
	('bcdcb', 'abaed', 'Some Name', 0),
	('daedb', 'abbae', 'Some Name', 0),
	('eeced', 'abcaa', 'Some Name', 0),
	('dcaac', 'abdbc', 'Some Name', 0),
	('cbbdb', 'abddd', 'Some Name', 0),
	('ddebd', 'abded', 'Some Name', 0),
	('bebec', 'abeba', 'Some Name', 0),
	('babed', 'abeda', 'Some Name', 0),
	('becdc', 'abeea', 'Some Name', 0),
	('ecdeb', 'abeea', 'Some Name', 0),
	('abbdb', 'acabb', 'Some Name', 0),
	('cdded', 'acabb', 'Some Name', 0),
	('cccbe', 'acbcb', 'Some Name', 0),
	('dbedb', 'acbdb', 'Some Name', 0),
	('adebe', 'accba', 'Some Name', 0),
	('ccabb', 'accce', 'Some Name', 0),
	('abddd', 'acdbc', 'Some Name', 0),
	('addea', 'acdbd', 'Some Name', 0),
	('eaede', 'acdeb', 'Some Name', 0),
	('ebebc', 'adadd', 'Some Name', 0),
	('beaed', 'adbbd', 'Some Name', 0),
	('addcb', 'adbcb', 'Some Name', 0),
	('dddee', 'adcbd', 'Some Name', 0),
	('cecca', 'adccc', 'Some Name', 0),
	('ecbcd', 'addca', 'Some Name', 0),
	('abacb', 'adddb', 'Some Name', 0),
	('dbdab', 'adedb', 'Some Name', 0),
	('dbddd', 'adedb', 'Some Name', 0),
	('acaea', 'aeabe', 'Some Name', 0),
	('decde', 'aeabe', 'Some Name', 0),
	('beeae', 'aeacb', 'Some Name', 0),
	('dceeb', 'aebde', 'Some Name', 0),
	('cccbe', 'aecab', 'Some Name', 0),
	('daddc', 'aecbe', 'Some Name', 0),
	('dbcda', 'aecbe', 'Some Name', 0),
	('bcebe', 'aecde', 'Some Name', 0),
	('bbbce', 'aedcb', 'Some Name', 0),
	('cccda', 'aeddb', 'Some Name', 0),
	('dcbed', 'aeddc', 'Some Name', 0),
	('dbddb', 'aeead', 'Some Name', 0),
	('cccdd', 'aeece', 'Some Name', 0),
	('dbacc', 'aeeda', 'Some Name', 0),
	('ceeae', 'aeedd', 'Some Name', 0),
	('dbaab', 'baabb', 'Some Name', 0),
	('aacdb', 'baacb', 'Some Name', 0),
	('ceded', 'baaee', 'Some Name', 0),
	('badee', 'babaa', 'Some Name', 0),
	('dcece', 'babca', 'Some Name', 0),
	('dbdbc', 'bacad', 'Some Name', 0),
	('eceee', 'bacad', 'Some Name', 0),
	('caacb', 'bacdc', 'Some Name', 0),
	('eceed', 'bacee', 'Some Name', 0),
	('deaed', 'badcb', 'Some Name', 0),
	('eaebd', 'badcd', 'Some Name', 0),
	('aaace', 'baebc', 'Some Name', 0),
	('aecbb', 'baeda', 'Some Name', 0),
	('ebddb', 'bbacb', 'Some Name', 0),
	('cdbda', 'bbade', 'Some Name', 0),
	('dbdcd', 'bbaea', 'Some Name', 0),
	('eaacb', 'bbaea', 'Some Name', 0),
	('bdeaa', 'bbaec', 'Some Name', 0),
	('edaec', 'bbaec', 'Some Name', 0),
	('bbdcc', 'bbbcd', 'Some Name', 0),
	('accea', 'bbdbc', 'Some Name', 0),
	('abaee', 'bbdbd', 'Some Name', 0),
	('baebd', 'bbddc', 'Some Name', 0),
	('dbebe', 'bbdec', 'Some Name', 0),
	('aabcb', 'bcaae', 'Some Name', 0),
	('acaae', 'bcada', 'Some Name', 0),
	('bccac', 'bcbaa', 'Some Name', 0),
	('aaecb', 'bcbbc', 'Some Name', 0),
	('cabba', 'bcbbc', 'Some Name', 0),
	('aedde', 'bccbd', 'Some Name', 0),
	('beabe', 'bccbe', 'Some Name', 0),
	('ddaae', 'bccbe', 'Some Name', 0),
	('bedeb', 'bcdbb', 'Some Name', 0),
	('aadad', 'bcddb', 'Some Name', 0),
	('eadca', 'bcebb', 'Some Name', 0),
	('eceac', 'bdbad', 'Some Name', 0),
	('dbcaa', 'bdbba', 'Some Name', 0),
	('abacd', 'bdbdc', 'Some Name', 0),
	('abdcd', 'bdcaa', 'Some Name', 0),
	('cdeac', 'bdcad', 'Some Name', 0),
	('ecdac', 'bdcce', 'Some Name', 0),
	('adccd', 'bddba', 'Some Name', 0),
	('dadeb', 'bddcd', 'Some Name', 0),
	('adbcd', 'bdddd', 'Some Name', 0),
	('cdcda', 'bddde', 'Some Name', 0),
	('accab', 'bdebb', 'Some Name', 0),
	('bbeec', 'bdebe', 'Some Name', 0),
	('caaed', 'bdebe', 'Some Name', 0),
	('bbcac', 'bdecb', 'Some Name', 0),
	('cdbce', 'bdedd', 'Some Name', 0),
	('bcccb', 'bdeee', 'Some Name', 0),
	('daada', 'beacb', 'Some Name', 0),
	('aeaea', 'beace', 'Some Name', 0),
	('dadca', 'beace', 'Some Name', 0),
	('aceaa', 'bebab', 'Some Name', 0),
	('cacdc', 'bebac', 'Some Name', 0),
	('beaba', 'bebad', 'Some Name', 0),
	('dacdd', 'bebae', 'Some Name', 0),
	('aaaae', 'bebca', 'Some Name', 0),
	('dadce', 'bebcb', 'Some Name', 0),
	('eaeec', 'bebcb', 'Some Name', 0),
	('ecabe', 'becca', 'Some Name', 0),
	('cbcbe', 'becdd', 'Some Name', 0),
	('baeba', 'bedad', 'Some Name', 0),
	('addac', 'bedcd', 'Some Name', 0),
	('beeec', 'beeab', 'Some Name', 0),
	('aeabd', 'beebc', 'Some Name', 0),
	('abebe', 'beeda', 'Some Name', 0),
	('cbacd', 'beeda', 'Some Name', 0),
	('cdcdc', 'caada', 'Some Name', 0),
	('aedeb', 'cabae', 'Some Name', 0),
	('bddce', 'cabbc', 'Some Name', 0),
	('ebbcc', 'cabdb', 'Some Name', 0),
	('acadc', 'cacad', 'Some Name', 0),
	('ceadc', 'cacda', 'Some Name', 0),
	('aeeec', 'cacdc', 'Some Name', 0),
	('cacba', 'cacde', 'Some Name', 0),
	('acedc', 'cadcc', 'Some Name', 0),
	('cadad', 'caddb', 'Some Name', 0),
	('bdcca', 'cadea', 'Some Name', 0),
	('bbeed', 'cadec', 'Some Name', 0),
	('bcedc', 'caeac', 'Some Name', 0),
	('dbeaa', 'caebc', 'Some Name', 0),
	('daaae', 'caeee', 'Some Name', 0),
	('edcdd', 'cbaba', 'Some Name', 0),
	('edece', 'cbaba', 'Some Name', 0),
	('abdac', 'cbabd', 'Some Name', 0),
	('bbcba', 'cbacb', 'Some Name', 0),
	('aeeac', 'cbccd', 'Some Name', 0),
	('ecbcc', 'cbdba', 'Some Name', 0),
	('ebbaa', 'cbdbd', 'Some Name', 0),
	('dcedc', 'cbddd', 'Some Name Umbenannt', 0),
	('edacb', 'cbded', 'Some Name', 0),
	('becdc', 'cbeaa', 'Some Name', 0),
	('bacec', 'cbece', 'Some Name', 0),
	('ceeeb', 'cbece', 'Some Name', 0),
	('aecac', 'cbeec', 'Some Name', 0),
	('daedb', 'ccbaa', 'Some Name', 0),
	('eabee', 'cccca', 'Some Name', 0),
	('acbae', 'cccea', 'Some Name', 0),
	('abcbe', 'ccdba', 'Some Name', 0),
	('eabec', 'ccdba', 'Some Name', 0),
	('dcbcd', 'cceca', 'Some Name', 0),
	('cddac', 'ccece', 'Some Name', 0),
	('dbbce', 'cdcec', 'Some Name', 0),
	('ecede', 'cddcd', 'Some Name', 0),
	('eeeba', 'cdded', 'Some Name', 0),
	('deadc', 'cdedd', 'Some Name', 0),
	('dedce', 'cdedd', 'Some Name', 0),
	('cdaee', 'cdeee', 'Some Name', 0),
	('eabec', 'cdeee', 'Some Name', 0),
	('edede', 'ceaca', 'Some Name Umbenannt', 0),
	('bbdda', 'ceacb', 'Some Name', 0),
	('bdcda', 'ceacc', 'Some Name', 0),
	('dbcde', 'ceada', 'Some Name', 0),
	('eedaa', 'cebeb', 'Some Name', 0),
	('dbcea', 'ceccb', 'Some Name', 0),
	('edacc', 'cecdc', 'Some Name', 0),
	('dbead', 'cecea', 'Some Name', 0),
	('ceede', 'ceceb', 'Some Name', 0),
	('ebcad', 'ceecb', 'Some Name', 0),
	('dbddc', 'ceecd', 'Some Name', 0),
	('cabdb', 'ceedc', 'Some Name', 0),
	('dabab', 'dabcb', 'Some Name', 0),
	('acdbc', 'dabea', 'Some Name', 0),
	('beaac', 'dabea', 'Some Name', 0),
	('ebaeb', 'dabed', 'Some Name', 0),
	('dbabe', 'dacad', 'Some Name', 0),
	('ecbba', 'dacad', 'Some Name', 0),
	('badbd', 'daceb', 'Some Name', 0),
	('bdebb', 'daceb', 'Some Name', 0),
	('abecc', 'daced', 'Some Name', 0),
	('dcbbc', 'dadaa', 'Some Name', 0),
	('aeced', 'dadca', 'Some Name', 0),
	('dbdac', 'daeaa', 'Some Name', 0),
	('dbdaa', 'daebe', 'Some Name', 0),
	('ccccc', 'daeca', 'Some Name', 0),
	('cadda', 'daedc', 'Some Name', 0),
	('ebecd', 'daeeb', 'Some Name Umbenannt', 0),
	('bacdb', 'dbabe', 'Some Name', 0),
	('beacc', 'dbabe', 'Some Name', 0),
	('adcdd', 'dbade', 'Some Name', 0),
	('cceaa', 'dbade', 'Some Name', 0),
	('dadbd', 'dbaee', 'Some Name', 0),
	('bbebc', 'dbbaa', 'Some Name', 0),
	('eaacb', 'dbbaa', 'Some Name', 0),
	('abbdd', 'dbbab', 'Some Name', 0),
	('bcbed', 'dbbad', 'Some Name', 0),
	('aaece', 'dbbbd', 'Some Name', 0),
	('daabb', 'dbbcb', 'Some Name', 0),
	('ededb', 'dbbcb', 'Some Name', 0),
	('adcda', 'dbbdd', 'Some Name', 0),
	('edeca', 'dbddb', 'Some Name', 0),
	('edeca', 'dbeab', 'Some Name', 0),
	('ccebc', 'dbeca', 'Some Name', 0),
	('beccd', 'dcaba', 'Some Name', 0),
	('caeba', 'dcaec', 'Some Name', 0),
	('dbeda', 'dcbae', 'Some Name', 0),
	('acdec', 'dcbca', 'Some Name', 0),
	('cdbae', 'dccac', 'Some Name', 0),
	('dbdcb', 'dcdad', 'Some Name', 0),
	('caebb', 'dcded', 'Some Name', 0),
	('bdccd', 'dceab', 'Some Name', 0),
	('eecec', 'dcecb', 'Some Name', 0),
	('aeedc', 'dcede', 'Some Name', 0),
	('ddabc', 'dcede', 'Some Name', 0),
	('dacab', 'dceea', 'Some Name', 0),
	('cdecb', 'ddace', 'Some Name', 0),
	('dcbea', 'ddaed', 'Some Name', 0),
	('cdaec', 'ddbab', 'Some Name', 0),
	('cdacc', 'ddbdc', 'Some Name', 0),
	('bcacb', 'ddcdc', 'Some Name', 0),
	('daaca', 'ddeac', 'Some Name', 0),
	('caccc', 'ddeba', 'Some Name', 0),
	('eadde', 'deacb', 'Some Name', 0),
	('abded', 'deadc', 'Some Name', 0),
	('cedee', 'deaee', 'Some Name', 0),
	('acacb', 'debca', 'Some Name', 0),
	('bbadb', 'debed', 'Some Name', 0),
	('ddedc', 'decae', 'Some Name', 0),
	('abbcd', 'decbd', 'Some Name', 0),
	('dcbcc', 'decbd', 'Some Name', 0),
	('eccaa', 'decdd', 'Some Name', 0),
	('bcebc', 'decee', 'Some Name', 0),
	('eebbd', 'dedae', 'Some Name', 0),
	('dedad', 'dedcc', 'Some Name', 0),
	('bebee', 'deeba', 'Some Name', 0),
	('aeebe', 'deebb', 'Some Name', 0),
	('eabba', 'deebb', 'Some Name', 0),
	('bacab', 'deebd', 'Some Name', 0),
	('bccca', 'deedc', 'Some Name', 0),
	('bbabd', 'deedd', 'Some Name', 0),
	('dcbda', 'eaacd', 'Some Name', 0),
	('dbbbd', 'eaaec', 'Some Name', 0),
	('ddbaa', 'eabae', 'Some Name', 0),
	('ceeba', 'eabce', 'Some Name', 0),
	('dacba', 'eabdd', 'Some Name', 0),
	('ecdca', 'eabdd', 'Some Name', 0),
	('adabb', 'eabde', 'Some Name Umbenannt', 0),
	('dcdea', 'eabeb', 'Some Name', 0),
	('cbaea', 'eadda', 'Some Name', 0),
	('acddc', 'eadee', 'Some Name', 0),
	('adace', 'eaeaa', 'Some Name', 0),
	('deeac', 'eaeaa', 'Some Name', 0),
	('cbedd', 'eaead', 'Some Name', 0),
	('dcedc', 'ebaab', 'Some Name', 0),
	('bbdce', 'ebbda', 'Some Name', 0),
	('ddaab', 'ebbed', 'Some Name', 0),
	('adebc', 'ebbee', 'Some Name Umbenannt', 0),
	('cacae', 'ebdbe', 'Some Name Umbenannt', 0),
	('bbdbb', 'ebdcc', 'Some Name', 0),
	('eeaca', 'ebddc', 'Some Name', 0),
	('dccaa', 'ebdea', 'Some Name', 0),
	('eabbe', 'ebeaa', 'Some Name', 0),
	('adbce', 'ebebe', 'Some Name', 0),
	('ddeca', 'ebeda', 'Some Name', 0),
	('ccedd', 'ecbde', 'Some Name', 0),
	('decec', 'ecbde', 'Some Name', 0),
	('dbbeb', 'ecbec', 'Some Name', 0),
	('bbdab', 'ecdcd', 'Some Name', 0),
	('ebada', 'edabb', 'Some Name', 0),
	('bcadc', 'edbcb', 'Some Name', 0),
	('deaea', 'edccd', 'Some Name', 0),
	('ccaca', 'edcda', 'Some Name', 0),
	('dabbe', 'edcdd', 'Some Name', 0),
	('eeadb', 'edcea', 'Some Name', 0),
	('bacab', 'eddaa', 'Some Name', 0),
	('bccdc', 'eddba', 'Some Name', 0),
	('bbbbc', 'eddbd', 'Some Name', 0),
	('abece', 'eddbe', 'Some Name', 0),
	('addde', 'edece', 'Some Name', 0),
	('abbae', 'ededc', 'Some Name', 0),
	('abbba', 'eebcd', 'Some Name', 0),
	('edbdd', 'eebec', 'Some Name', 0),
	('ccecd', 'eecbb', 'Some Name', 0),
	('dacab', 'eecdd', 'Some Name', 0),
	('aabab', 'eeced', 'Some Name Umbenannt', 0),
	('dcada', 'eedab', 'Some Name', 0),
	('babab', 'eedbb', 'Some Name', 0),
	('adecc', 'eedbd', 'Some Name', 0),
	('dedba', 'eedec', 'Some Name', 0),
	('caeea', 'eeeae', 'Some Name', 0),
	('bedae', 'eeeda', 'Some Name', 0),
	('eaeee', 'eeedc', 'Some Name', 0),
	('ecada', 'eeeea', 'Some Name', 0),
	('acedb', 'eeeeb', 'Some Name', 0);
/*!40000 ALTER TABLE `rolle` ENABLE KEYS */;

-- Exportiere Struktur von Tabelle organisation.user
CREATE TABLE IF NOT EXISTS `user` (
  `uuid` char(36) NOT NULL,
  `organisationuuid` char(36) NOT NULL,
  `name` varchar(255) NOT NULL,
  `passwort` char(64) NOT NULL,
  `email` varchar(255) NOT NULL,
  `version` int(11) NOT NULL DEFAULT 0,
  PRIMARY KEY (`organisationuuid`,`uuid`),
  UNIQUE KEY `name` (`name`),
  UNIQUE KEY `email` (`email`),
  KEY `uuid` (`uuid`),
  CONSTRAINT `user-organisation` FOREIGN KEY (`organisationuuid`) REFERENCES `organisation` (`uuid`) ON DELETE CASCADE
) ENGINE=InnoDB DEFAULT CHARSET=utf8;

-- Exportiere Daten aus Tabelle organisation.user: ~286 rows (ungefähr)
/*!40000 ALTER TABLE `user` DISABLE KEYS */;
INSERT INTO `user` (`uuid`, `organisationuuid`, `name`, `passwort`, `email`, `version`) VALUES
	('badce', 'aaacc', 'Some Name ddaab', 'XYZ', 'bceae@mail.de', 0),
	('cdcee', 'aabcc', 'Some Name Umbenannt cedbb', 'XYZ', 'xxx.eaaac@mail.de', 0),
	('eccdc', 'aadba', 'Some Name ebcbc', 'XYZ', 'badba@mail.de', 0),
	('cebae', 'aadbe', 'Some Name cbebe', 'XYZ', 'bacde@mail.de', 0),
	('bcdde', 'aaddb', 'Some Name bdacd', 'XYZ', 'aaeba@mail.de', 0),
	('acbca', 'aaeab', 'Some Name cbdad', 'XYZ', 'eccdb@mail.de', 1),
	('eaaed', 'aaebd', 'Some Name bbcdb', 'XYZ', 'ebcdd@mail.de', 0),
	('aaaba', 'aaeda', 'Some Name babab', 'XYZ', 'aebbd@mail.de', 0),
	('dabae', 'abaeb', 'Some Name aacbd', 'XYZ', 'aacec@mail.de', 1),
	('cdacc', 'abcaa', 'Some Name bcdcc', 'XYZ', 'dedab@mail.de', 0),
	('edbce', 'abccc', 'Some Name acabe', 'XYZ', 'eecbe@mail.de', 0),
	('cbede', 'abcdc', 'Some Name addee', 'XYZ', 'ebdbc@mail.de', 1),
	('bdacc', 'abdac', 'Some Name ccedc', 'XYZ', 'cabdd@mail.de', 0),
	('ceace', 'abdac', 'Some Name Umbenannt eabcd', 'XYZ', 'xxx.becdb@mail.de', 1),
	('ecdbb', 'abdba', 'Some Name ddeed', 'XYZ', 'accac@mail.de', 0),
	('aaccb', 'abdce', 'Some Name bdbbb', 'XYZ', 'eedab@mail.de', 0),
	('deced', 'abdce', 'Some Name aeecb', 'XYZ', 'dadee@mail.de', 1),
	('aecda', 'abeba', 'Some Name bebac', 'XYZ', 'ceeaa@mail.de', 0),
	('ebbad', 'abeea', 'Some Name cccad', 'XYZ', 'cbedd@mail.de', 0),
	('bbeda', 'acaaa', 'Some Name eecea', 'XYZ', 'daedc@mail.de', 1),
	('caeca', 'acabb', 'Some Name acbdb', 'XYZ', 'cddec@mail.de', 0),
	('ebdbb', 'acadb', 'Some Name cabcb', 'XYZ', 'caaba@mail.de', 0),
	('ebcce', 'acaeb', 'Some Name dcbed', 'XYZ', 'aedae@mail.de', 1),
	('bbacd', 'acbea', 'Some Name cdaee', 'XYZ', 'bbbec@mail.de', 0),
	('bcbab', 'accbb', 'Some Name bccde', 'XYZ', 'cabba@mail.de', 0),
	('eebea', 'accce', 'Some Name ecaaa', 'XYZ', 'baaea@mail.de', 0),
	('edebb', 'acdaa', 'Some Name dbdbc', 'XYZ', 'aceec@mail.de', 1),
	('bbeee', 'acdbc', 'Some Name bdbda', 'XYZ', 'acbed@mail.de', 0),
	('cdebc', 'acdbd', 'Some Name ceddb', 'XYZ', 'eaeed@mail.de', 0),
	('ceadc', 'acdda', 'Some Name eebca', 'XYZ', 'aceed@mail.de', 0),
	('edbae', 'acdda', 'Some Name eaeae', 'XYZ', 'eebab@mail.de', 0),
	('baddd', 'aceac', 'Some Name bdced', 'XYZ', 'bbcac@mail.de', 0),
	('bdedd', 'aceac', 'Some Name dccce', 'XYZ', 'edcab@mail.de', 0),
	('acbae', 'aceeb', 'Some Name bbdac', 'XYZ', 'ebeaa@mail.de', 0),
	('aabec', 'adaad', 'Some Name Umbenannt aaabb', 'XYZ', 'xxx.eceaa@mail.de', 1),
	('eabec', 'adaad', 'Some Name ccaad', 'XYZ', 'bccba@mail.de', 0),
	('beced', 'adabe', 'Some Name dcaea', 'XYZ', 'beacc@mail.de', 0),
	('ecddd', 'adbbb', 'Some Name acdea', 'XYZ', 'aebcc@mail.de', 0),
	('cceeb', 'adbeb', 'Some Name cbebc', 'XYZ', 'eecae@mail.de', 0),
	('aecab', 'adcde', 'Some Name eadbd', 'XYZ', 'dacdc@mail.de', 0),
	('ccedc', 'adcde', 'Some Name dbccc', 'XYZ', 'edddb@mail.de', 0),
	('daaeb', 'adddb', 'Some Name bcdee', 'XYZ', 'adbbd@mail.de', 0),
	('ebddd', 'adeca', 'Some Name abeba', 'XYZ', 'dcabb@mail.de', 0),
	('addde', 'adedb', 'Some Name beecc', 'XYZ', 'cbcab@mail.de', 0),
	('eeace', 'adeeb', 'Some Name cecda', 'XYZ', 'ddbbc@mail.de', 0),
	('eedcd', 'adeee', 'Some Name abebb', 'XYZ', 'bedae@mail.de', 1),
	('babde', 'aeaaa', 'Some Name becec', 'XYZ', 'eddca@mail.de', 0),
	('aceeb', 'aeaca', 'Some Name daebc', 'XYZ', 'ceaed@mail.de', 0),
	('badda', 'aeaca', 'Some Name cdebd', 'XYZ', 'ddecd@mail.de', 0),
	('aadcc', 'aebac', 'Some Name becaa', 'XYZ', 'bedca@mail.de', 0),
	('cdaeb', 'aebbd', 'Some Name aeeae', 'XYZ', 'aaeeb@mail.de', 0),
	('dbeed', 'aecce', 'Some Name eaead', 'XYZ', 'eebed@mail.de', 0),
	('adebc', 'aedaa', 'Some Name badbc', 'XYZ', 'aaaab@mail.de', 0),
	('ecede', 'aeddb', 'Some Name cddab', 'XYZ', 'cabdb@mail.de', 0),
	('bbeed', 'aeeaa', 'Some Name ecdab', 'XYZ', 'cceed@mail.de', 0),
	('aacae', 'aeebb', 'Some Name ddacc', 'XYZ', 'aaadb@mail.de', 0),
	('ecdbd', 'aeebe', 'Some Name aadce', 'XYZ', 'cdbbe@mail.de', 0),
	('dadda', 'aeedb', 'Some Name Umbenannt aeebc', 'XYZ', 'xxx.aabde@mail.de', 0),
	('bdcda', 'aeeec', 'Some Name acacb', 'XYZ', 'dacca@mail.de', 0),
	('bddca', 'babaa', 'Some Name ebcae', 'XYZ', 'baacd@mail.de', 0),
	('cdaec', 'bacac', 'Some Name dbebd', 'XYZ', 'ddbaa@mail.de', 0),
	('ebcbc', 'bacde', 'Some Name adbda', 'XYZ', 'ebbda@mail.de', 0),
	('eeecd', 'badcb', 'Some Name ecdee', 'XYZ', 'ecedb@mail.de', 0),
	('bdebc', 'badeb', 'Some Name deecb', 'XYZ', 'ebbad@mail.de', 0),
	('cebdc', 'bbacb', 'Some Name beaee', 'XYZ', 'edaec@mail.de', 0),
	('cbdea', 'bbade', 'Some Name aeaaa', 'XYZ', 'babbb@mail.de', 0),
	('dbbbc', 'bbbed', 'Some Name eabab', 'XYZ', 'bcdbd@mail.de', 0),
	('eaabd', 'bbbee', 'Some Name dbecd', 'XYZ', 'bbbcb@mail.de', 0),
	('cbcae', 'bbcba', 'Some Name bcaed', 'XYZ', 'dcbdd@mail.de', 0),
	('ccded', 'bbcbe', 'Some Name aebda', 'XYZ', 'dcdaa@mail.de', 0),
	('dcebe', 'bbccc', 'Some Name debab', 'XYZ', 'cdeac@mail.de', 1),
	('ccedc', 'bbcee', 'Some Name cacce', 'XYZ', 'bacea@mail.de', 0),
	('ceebb', 'bbdbc', 'Some Name bdcba', 'XYZ', 'ddaee@mail.de', 1),
	('aeecb', 'bbddc', 'Some Name Umbenannt aaaec', 'XYZ', 'xxx.dabbd@mail.de', 0),
	('ebede', 'bbeba', 'Some Name ebdee', 'XYZ', 'eacdc@mail.de', 1),
	('cdabd', 'bbebb', 'Some Name dbcad', 'XYZ', 'cecae@mail.de', 0),
	('abebe', 'bbeed', 'Some Name daedb', 'XYZ', 'ebdee@mail.de', 0),
	('aaebc', 'bcaad', 'Some Name cdbbc', 'XYZ', 'eeaab@mail.de', 0),
	('edadd', 'bcaba', 'Some Name cedea', 'XYZ', 'accad@mail.de', 0),
	('ccebc', 'bcadc', 'Some Name aacac', 'XYZ', 'bdaae@mail.de', 1),
	('abdab', 'bcbaa', 'Some Name bdebd', 'XYZ', 'eeade@mail.de', 0),
	('eceeb', 'bcbbc', 'Some Name ceeee', 'XYZ', 'baddb@mail.de', 0),
	('bcccb', 'bcbca', 'Some Name dabce', 'XYZ', 'cbaae@mail.de', 0),
	('cedea', 'bcbce', 'Some Name adaac', 'XYZ', 'eebee@mail.de', 1),
	('bdaec', 'bccab', 'Some Name caecc', 'XYZ', 'bacbb@mail.de', 0),
	('eabca', 'bccac', 'Some Name addde', 'XYZ', 'aceca@mail.de', 0),
	('eddec', 'bccbe', 'Some Name abdad', 'XYZ', 'dabab@mail.de', 0),
	('bbcca', 'bccdb', 'Some Name dcebc', 'XYZ', 'bbcbb@mail.de', 0),
	('ccccc', 'bcdab', 'Some Name dbcdd', 'XYZ', 'eddae@mail.de', 1),
	('eecdd', 'bdaae', 'Some Name abedd', 'XYZ', 'ddaeb@mail.de', 0),
	('ecaad', 'bdcaa', 'Some Name cadcd', 'XYZ', 'aaedd@mail.de', 1),
	('dcbbc', 'bdcca', 'Some Name edabe', 'XYZ', 'aecaa@mail.de', 0),
	('acbbd', 'bdcce', 'Some Name abaae', 'XYZ', 'ebaec@mail.de', 0),
	('daedd', 'bddcd', 'Some Name eaaca', 'XYZ', 'eaaea@mail.de', 0),
	('cdeae', 'bdddb', 'Some Name ebbae', 'XYZ', 'eeaca@mail.de', 0),
	('cecdd', 'bddde', 'Some Name edeee', 'XYZ', 'babce@mail.de', 1),
	('addcc', 'bdebb', 'Some Name cbdeb', 'XYZ', 'baeaa@mail.de', 0),
	('aaacc', 'bebab', 'Some Name adede', 'XYZ', 'dbdbe@mail.de', 0),
	('cabbe', 'bebcc', 'Some Name ddcbc', 'XYZ', 'abadc@mail.de', 0),
	('dbeee', 'bebda', 'Some Name aebcc', 'XYZ', 'dbdca@mail.de', 0),
	('dceca', 'bebdb', 'Some Name bebde', 'XYZ', 'edbaa@mail.de', 1),
	('edbde', 'bedce', 'Some Name abcad', 'XYZ', 'cbcad@mail.de', 1),
	('caeae', 'beddd', 'Some Name ccaec', 'XYZ', 'ebeed@mail.de', 0),
	('adcba', 'beedb', 'Some Name bddeb', 'XYZ', 'adbbe@mail.de', 1),
	('bacaa', 'beeee', 'Some Name aaeae', 'XYZ', 'eecbc@mail.de', 0),
	('abeee', 'caada', 'Some Name dccba', 'XYZ', 'ceedb@mail.de', 1),
	('aadab', 'caaea', 'Some Name dedad', 'XYZ', 'caede@mail.de', 0),
	('ebaed', 'caaeb', 'Some Name dbacc', 'XYZ', 'decbd@mail.de', 0),
	('aadeb', 'cabad', 'Some Name aacce', 'XYZ', 'ccedb@mail.de', 0),
	('addee', 'cabae', 'Some Name caebb', 'XYZ', 'beabc@mail.de', 0),
	('eeccd', 'cabde', 'Some Name eeacb', 'XYZ', 'eacbb@mail.de', 0),
	('eeabe', 'caccd', 'Some Name ddabe', 'XYZ', 'ccbae@mail.de', 0),
	('babce', 'cadac', 'Some Name caebc', 'XYZ', 'bbbeb@mail.de', 0),
	('aebbc', 'cadcd', 'Some Name bebeb', 'XYZ', 'bdcbb@mail.de', 1),
	('cdeea', 'caddb', 'Some Name dbddc', 'XYZ', 'dadde@mail.de', 0),
	('ddbcd', 'caddb', 'Some Name adbeb', 'XYZ', 'aabda@mail.de', 0),
	('debad', 'caddb', 'Some Name Umbenannt baada', 'XYZ', 'xxx.eeace@mail.de', 1),
	('dacde', 'cadea', 'Some Name beabd', 'XYZ', 'eaeae@mail.de', 0),
	('bbeab', 'caeac', 'Some Name baceb', 'XYZ', 'acebc@mail.de', 0),
	('cabed', 'caeee', 'Some Name eadaa', 'XYZ', 'abbad@mail.de', 0),
	('ceade', 'cbaae', 'Some Name acdaa', 'XYZ', 'cceeb@mail.de', 0),
	('baced', 'cbacb', 'Some Name dddca', 'XYZ', 'bdaab@mail.de', 0),
	('cecad', 'cbaed', 'Some Name aadac', 'XYZ', 'dbced@mail.de', 1),
	('bdebe', 'cbbac', 'Some Name aceda', 'XYZ', 'cdcce@mail.de', 0),
	('acecc', 'cbbca', 'Some Name bcaea', 'XYZ', 'ceaec@mail.de', 1),
	('dbede', 'cbbcc', 'Some Name edbad', 'XYZ', 'acdec@mail.de', 0),
	('acccb', 'cbbec', 'Some Name adabb', 'XYZ', 'aaecc@mail.de', 1),
	('babda', 'cbcaa', 'Some Name baeac', 'XYZ', 'edbee@mail.de', 0),
	('abddb', 'cbcca', 'Some Name eabdd', 'XYZ', 'abdae@mail.de', 1),
	('becea', 'cbdaa', 'Some Name dabcb', 'XYZ', 'eaace@mail.de', 0),
	('aecac', 'cbdac', 'Some Name badbe', 'XYZ', 'cebea@mail.de', 1),
	('abdec', 'cbdbd', 'Some Name dbcda', 'XYZ', 'bcded@mail.de', 0),
	('ecbeb', 'cbdce', 'Some Name dddda', 'XYZ', 'caddb@mail.de', 0),
	('ccbde', 'cbeab', 'Some Name acdba', 'XYZ', 'abecd@mail.de', 0),
	('eaeab', 'ccbbc', 'Some Name cbbcc', 'XYZ', 'aeaba@mail.de', 0),
	('cdbeb', 'ccbda', 'Some Name deade', 'XYZ', 'cbdce@mail.de', 0),
	('aadca', 'ccbdd', 'Some Name dbabb', 'XYZ', 'eceaa@mail.de', 1),
	('eeebc', 'cccad', 'Some Name addcd', 'XYZ', 'debba@mail.de', 0),
	('dbebd', 'cccbe', 'Some Name ddbbc', 'XYZ', 'ceebc@mail.de', 0),
	('becea', 'ccccd', 'Some Name acbdd', 'XYZ', 'ddeaa@mail.de', 0),
	('deedc', 'cccee', 'Some Name caedc', 'XYZ', 'bcdae@mail.de', 0),
	('dbbba', 'cceda', 'Some Name aaadc', 'XYZ', 'dabdb@mail.de', 0),
	('abaca', 'cceec', 'Some Name dcdcc', 'XYZ', 'eddab@mail.de', 1),
	('bbcce', 'cceec', 'Some Name eebba', 'XYZ', 'aabbe@mail.de', 0),
	('bdbea', 'cceee', 'Some Name cdbee', 'XYZ', 'cadad@mail.de', 0),
	('bbbab', 'cdaed', 'Some Name aadee', 'XYZ', 'cdccd@mail.de', 1),
	('cdeeb', 'cdaed', 'Some Name acecd', 'XYZ', 'caeea@mail.de', 0),
	('ccddc', 'cdcec', 'Some Name edcaa', 'XYZ', 'cbebd@mail.de', 1),
	('ceaca', 'cdcee', 'Some Name bceae', 'XYZ', 'abbde@mail.de', 1),
	('ccacd', 'cddbc', 'Some Name bdeae', 'XYZ', 'bbbae@mail.de', 0),
	('baeba', 'cddbd', 'Some Name abdcc', 'XYZ', 'eecbb@mail.de', 0),
	('cacad', 'cddcc', 'Some Name dbded', 'XYZ', 'baccb@mail.de', 1),
	('cbdbd', 'cdeae', 'Some Name edaaa', 'XYZ', 'abacc@mail.de', 0),
	('baeab', 'cdeba', 'Some Name eeeac', 'XYZ', 'deadd@mail.de', 0),
	('addae', 'ceabd', 'Some Name ececc', 'XYZ', 'ceedd@mail.de', 1),
	('eabaa', 'ceaca', 'Some Name ecbee', 'XYZ', 'beddc@mail.de', 0),
	('dcbeb', 'ceada', 'Some Name bbdda', 'XYZ', 'dacaa@mail.de', 0),
	('aeeed', 'ceadc', 'Some Name Umbenannt cebac', 'XYZ', 'xxx.eacde@mail.de', 0),
	('cdadb', 'ceade', 'Some Name addbb', 'XYZ', 'cdcbd@mail.de', 1),
	('becbd', 'cebad', 'Some Name dbbad', 'XYZ', 'bddbe@mail.de', 0),
	('edebc', 'cebdd', 'Some Name abade', 'XYZ', 'bdbea@mail.de', 0),
	('decca', 'ceccb', 'Some Name eceac', 'XYZ', 'addda@mail.de', 0),
	('bbece', 'ceceb', 'Some Name cbcdd', 'XYZ', 'bdded@mail.de', 0),
	('eedbd', 'cedba', 'Some Name bacab', 'XYZ', 'beeaa@mail.de', 0),
	('decee', 'cedcb', 'Some Name aaddb', 'XYZ', 'caeda@mail.de', 1),
	('eaccd', 'ceeaa', 'Some Name ceedc', 'XYZ', 'dddcd@mail.de', 0),
	('acebb', 'ceecc', 'Some Name cdcad', 'XYZ', 'cecab@mail.de', 0),
	('babad', 'daabc', 'Some Name cebde', 'XYZ', 'cebcd@mail.de', 2),
	('daacd', 'daadd', 'Some Name bbddd', 'XYZ', 'ddabd@mail.de', 0),
	('bdbae', 'daade', 'Some Name adebd', 'XYZ', 'bdbbc@mail.de', 1),
	('bcbeb', 'daaec', 'Some Name eccab', 'XYZ', 'dbbea@mail.de', 0),
	('caccd', 'daaec', 'Some Name eecbb', 'XYZ', 'daddb@mail.de', 0),
	('acdba', 'dabec', 'Some Name aeceb', 'XYZ', 'caaeb@mail.de', 1),
	('aaaee', 'dabed', 'Some Name edbbd', 'XYZ', 'bddce@mail.de', 0),
	('eacdb', 'dacab', 'Some Name bdabc', 'XYZ', 'deccd@mail.de', 0),
	('bbebd', 'dacda', 'Some Name beccd', 'XYZ', 'aaeec@mail.de', 1),
	('cdeba', 'dadcd', 'Some Name dcdeb', 'XYZ', 'eeeba@mail.de', 0),
	('cacbe', 'daddc', 'Some Name aebdb', 'XYZ', 'aeceb@mail.de', 1),
	('dbccb', 'daeaa', 'Some Name dcbca', 'XYZ', 'acede@mail.de', 0),
	('ddced', 'daebd', 'Some Name beaca', 'XYZ', 'bbeac@mail.de', 0),
	('bcedc', 'dbaad', 'Some Name Umbenannt caacd', 'XYZ', 'xxx.ecdbe@mail.de', 0),
	('babde', 'dbabe', 'Some Name ddadb', 'XYZ', 'daccd@mail.de', 0),
	('caaae', 'dbace', 'Some Name aeebe', 'XYZ', 'bdebb@mail.de', 1),
	('bbddd', 'dbbad', 'Some Name dcedc', 'XYZ', 'eedcd@mail.de', 0),
	('bdddd', 'dbbad', 'Some Name ceabe', 'XYZ', 'dcddc@mail.de', 0),
	('becba', 'dbbde', 'Some Name eadab', 'XYZ', 'abcbd@mail.de', 1),
	('abbcb', 'dbcac', 'Some Name eabee', 'XYZ', 'eaddb@mail.de', 1),
	('aeaad', 'dbcac', 'Some Name Umbenannt aecca', 'XYZ', 'xxx.bddbc@mail.de', 0),
	('ddcba', 'dbcbc', 'Some Name baadc', 'XYZ', 'cecad@mail.de', 0),
	('ceaee', 'dbcca', 'Some Name acebc', 'XYZ', 'adeec@mail.de', 0),
	('ebdeb', 'dbcde', 'Some Name bdceb', 'XYZ', 'eccdd@mail.de', 0),
	('abeaa', 'dbdba', 'Some Name ddebd', 'XYZ', 'aedde@mail.de', 1),
	('eadde', 'dbdba', 'Some Name eadec', 'XYZ', 'cddcd@mail.de', 1),
	('edeca', 'dbdbb', 'Some Name ecdbb', 'XYZ', 'aacdc@mail.de', 0),
	('edbea', 'dbdbe', 'Some Name ddaee', 'XYZ', 'beaec@mail.de', 0),
	('bbcdb', 'dbeab', 'Some Name edcac', 'XYZ', 'dddbe@mail.de', 0),
	('ccaec', 'dbeac', 'Some Name abada', 'XYZ', 'bcdeb@mail.de', 1),
	('cabba', 'dbeea', 'Some Name eccde', 'XYZ', 'dcbce@mail.de', 0),
	('bbece', 'dbeee', 'Some Name dcddd', 'XYZ', 'ebdad@mail.de', 0),
	('caecb', 'dcacc', 'Some Name aecea', 'XYZ', 'ecbac@mail.de', 2),
	('daccc', 'dcade', 'Some Name dadde', 'XYZ', 'badac@mail.de', 0),
	('eecab', 'dcade', 'Some Name daabd', 'XYZ', 'addba@mail.de', 0),
	('aeaed', 'dcaec', 'Some Name debaa', 'XYZ', 'bbcbd@mail.de', 0),
	('eabde', 'dcaec', 'Some Name dbabd', 'XYZ', 'ceace@mail.de', 0),
	('cadac', 'dcbad', 'Some Name bcdba', 'XYZ', 'dbbdd@mail.de', 0),
	('beede', 'dcbda', 'Some Name bdbab', 'XYZ', 'bdaee@mail.de', 1),
	('bcdbb', 'dcbdd', 'Some Name daeec', 'XYZ', 'cbebe@mail.de', 1),
	('becbe', 'dccbd', 'Some Name Umbenannt dbdea', 'XYZ', 'xxx.ccedd@mail.de', 0),
	('dcbde', 'dccbd', 'Some Name eecca', 'XYZ', 'dbcde@mail.de', 0),
	('cdebe', 'dccce', 'Some Name dbdba', 'XYZ', 'cedba@mail.de', 0),
	('bccba', 'dccdb', 'Some Name bbbcc', 'XYZ', 'dcade@mail.de', 0),
	('eedad', 'dcdbb', 'Some Name adbec', 'XYZ', 'adbac@mail.de', 1),
	('bebee', 'dcdca', 'Some Name bebcb', 'XYZ', 'bbcbc@mail.de', 0),
	('aebdb', 'dcdcb', 'Some Name eaeca', 'XYZ', 'deeed@mail.de', 0),
	('debcd', 'dcdee', 'Some Name beeab', 'XYZ', 'addae@mail.de', 0),
	('edddc', 'dcdee', 'Some Name Umbenannt ecdeb', 'XYZ', 'xxx.eabca@mail.de', 1),
	('dbeea', 'dcecb', 'Some Name aadab', 'XYZ', 'bedeb@mail.de', 0),
	('cbdce', 'ddabe', 'Some Name dadab', 'XYZ', 'bcdbe@mail.de', 0),
	('cdace', 'ddacc', 'Some Name ccedd', 'XYZ', 'cdcba@mail.de', 0),
	('babae', 'ddada', 'Some Name beedb', 'XYZ', 'cadba@mail.de', 0),
	('cceed', 'ddbea', 'Some Name aeeaa', 'XYZ', 'ebcae@mail.de', 0),
	('bdcbb', 'ddccb', 'Some Name addda', 'XYZ', 'bbaeb@mail.de', 0),
	('bbbce', 'ddcce', 'Some Name eeabc', 'XYZ', 'aaddb@mail.de', 0),
	('cebac', 'ddcce', 'Some Name becdb', 'XYZ', 'ebdac@mail.de', 0),
	('cbbbc', 'ddcec', 'Some Name dcceb', 'XYZ', 'adece@mail.de', 0),
	('eeaea', 'dddbe', 'Some Name dddea', 'XYZ', 'caaca@mail.de', 1),
	('eebbb', 'ddedb', 'Some Name dacae', 'XYZ', 'acbee@mail.de', 0),
	('ebbbe', 'deabb', 'Some Name cbaeb', 'XYZ', 'cebba@mail.de', 0),
	('deccb', 'deadc', 'Some Name ccced', 'XYZ', 'eebce@mail.de', 0),
	('eddca', 'debea', 'Some Name dcdec', 'XYZ', 'aabaa@mail.de', 0),
	('bdded', 'debed', 'Some Name eeaae', 'XYZ', 'daaba@mail.de', 0),
	('bbade', 'decbd', 'Some Name Umbenannt dedeb', 'XYZ', 'xxx.deeca@mail.de', 0),
	('dbdba', 'decbe', 'Some Name acbcb', 'XYZ', 'cabbb@mail.de', 0),
	('eecba', 'decbe', 'Some Name dbdbd', 'XYZ', 'babcd@mail.de', 1),
	('deebb', 'decda', 'Some Name ebeae', 'XYZ', 'bbedb@mail.de', 0),
	('eeeac', 'decda', 'Some Name cbade', 'XYZ', 'addbb@mail.de', 0),
	('dcccc', 'decec', 'Some Name Umbenannt dabce', 'XYZ', 'xxx.cbacc@mail.de', 0),
	('ababb', 'deddb', 'Some Name dccdc', 'XYZ', 'adaaa@mail.de', 1),
	('ecaea', 'deeaa', 'Some Name eecde', 'XYZ', 'dbbdb@mail.de', 0),
	('adaee', 'deeba', 'Some Name bdadb', 'XYZ', 'cecca@mail.de', 0),
	('abcae', 'deecd', 'Some Name cabeb', 'XYZ', 'dbbde@mail.de', 0),
	('eceae', 'deecd', 'Some Name cdcbd', 'XYZ', 'bcdba@mail.de', 0),
	('aeebe', 'deedc', 'Some Name debad', 'XYZ', 'ececa@mail.de', 0),
	('bcbde', 'eaabe', 'Some Name bcccd', 'XYZ', 'dacbc@mail.de', 0),
	('babab', 'eabab', 'Some Name eacac', 'XYZ', 'ebacd@mail.de', 0),
	('cddbd', 'eabce', 'Some Name daada', 'XYZ', 'cdade@mail.de', 0),
	('eadee', 'eacbe', 'Some Name dceab', 'XYZ', 'bedce@mail.de', 1),
	('dcdde', 'eaced', 'Some Name aaaaa', 'XYZ', 'aaccc@mail.de', 1),
	('eacdc', 'eadee', 'Some Name eecce', 'XYZ', 'dadbb@mail.de', 0),
	('dcdce', 'eaecc', 'Some Name Umbenannt baaba', 'XYZ', 'xxx.bdcca@mail.de', 0),
	('deada', 'eaecc', 'Some Name ccebc', 'XYZ', 'dbddc@mail.de', 0),
	('edcdd', 'eaeee', 'Some Name bdbed', 'XYZ', 'caeee@mail.de', 2),
	('cbcba', 'ebabc', 'Some Name Umbenannt dddec', 'XYZ', 'xxx.adacc@mail.de', 0),
	('cdeea', 'ebacc', 'Some Name eaeee', 'XYZ', 'aecdb@mail.de', 0),
	('cabbe', 'ebace', 'Some Name acbbd', 'XYZ', 'adcae@mail.de', 0),
	('dbdeb', 'ebaeb', 'Some Name ecdcb', 'XYZ', 'cdbeb@mail.de', 1),
	('dedae', 'ebbaa', 'Some Name aedba', 'XYZ', 'acadd@mail.de', 0),
	('eadea', 'ebbcb', 'Some Name bbaeb', 'XYZ', 'abbbc@mail.de', 0),
	('dccde', 'ebbee', 'Some Name ccbbe', 'XYZ', 'aeddb@mail.de', 1),
	('eddde', 'ebcab', 'Some Name adadc', 'XYZ', 'aedca@mail.de', 1),
	('acaaa', 'ebcba', 'Some Name dedcc', 'XYZ', 'aebec@mail.de', 0),
	('babee', 'ebdca', 'Some Name bddad', 'XYZ', 'ebddc@mail.de', 0),
	('bdbab', 'ebdcc', 'Some Name daadd', 'XYZ', 'ceeec@mail.de', 0),
	('dcdbc', 'ebecc', 'Some Name acadc', 'XYZ', 'eabda@mail.de', 0),
	('becbb', 'ebece', 'Some Name badbb', 'XYZ', 'bdace@mail.de', 0),
	('cbddd', 'ecaba', 'Some Name accdc', 'XYZ', 'cdedb@mail.de', 0),
	('bcced', 'ecace', 'Some Name ecaad', 'XYZ', 'cdbab@mail.de', 0),
	('bbcbb', 'ecbee', 'Some Name aaeda', 'XYZ', 'adcea@mail.de', 0),
	('bcccb', 'eccac', 'Some Name ccceb', 'XYZ', 'cdcab@mail.de', 0),
	('ccacd', 'ecccc', 'Some Name edbee', 'XYZ', 'adbbc@mail.de', 0),
	('cbcac', 'ecdab', 'Some Name bebcc', 'XYZ', 'dbdcb@mail.de', 0),
	('ebeae', 'ecdec', 'Some Name bbddc', 'XYZ', 'acbcc@mail.de', 0),
	('abada', 'ecded', 'Some Name eacbc', 'XYZ', 'eebdd@mail.de', 0),
	('daaad', 'eceab', 'Some Name edecb', 'XYZ', 'ebdcb@mail.de', 1),
	('eacba', 'eceac', 'Some Name edece', 'XYZ', 'ccdbe@mail.de', 0),
	('abccb', 'eceae', 'Some Name bdcea', 'XYZ', 'eeacd@mail.de', 0),
	('eebad', 'ececc', 'Some Name ecaec', 'XYZ', 'ddcba@mail.de', 0),
	('ceede', 'edaee', 'Some Name eadba', 'XYZ', 'cbeca@mail.de', 0),
	('abdce', 'eddeb', 'Some Name ccadb', 'XYZ', 'cbdda@mail.de', 0),
	('caeec', 'eeadb', 'Some Name cceab', 'XYZ', 'dbbba@mail.de', 0),
	('bcbae', 'eeaeb', 'Some Name bedeb', 'XYZ', 'beadb@mail.de', 0),
	('adcdd', 'eedcb', 'Some Name ccecc', 'XYZ', 'dddbc@mail.de', 1),
	('ccebe', 'eedcd', 'Some Name bdeaa', 'XYZ', 'baecd@mail.de', 0),
	('eebed', 'eedeb', 'Some Name ddcad', 'XYZ', 'eeabd@mail.de', 0),
	('bcaec', 'eeedc', 'Some Name ccbeb', 'XYZ', 'ecadb@mail.de', 0),
	('beecb', 'eeeeb', 'Some Name aedae', 'XYZ', 'bccda@mail.de', 0);
/*!40000 ALTER TABLE `user` ENABLE KEYS */;

-- Exportiere Struktur von Tabelle organisation.usergruppe
CREATE TABLE IF NOT EXISTS `usergruppe` (
  `useruuid` char(36) NOT NULL,
  `gruppeuuid` char(36) NOT NULL,
  `version` int(11) NOT NULL DEFAULT 0,
  PRIMARY KEY (`useruuid`,`gruppeuuid`),
  KEY `usergruppe-rolle` (`gruppeuuid`),
  CONSTRAINT `usergruppe-rolle` FOREIGN KEY (`gruppeuuid`) REFERENCES `gruppe` (`uuid`) ON DELETE CASCADE,
  CONSTRAINT `usergruppe-user` FOREIGN KEY (`useruuid`) REFERENCES `user` (`uuid`) ON DELETE CASCADE
) ENGINE=InnoDB DEFAULT CHARSET=utf8;

-- Exportiere Daten aus Tabelle organisation.usergruppe: ~67 rows (ungefähr)
/*!40000 ALTER TABLE `usergruppe` DISABLE KEYS */;
INSERT INTO `usergruppe` (`useruuid`, `gruppeuuid`, `version`) VALUES
	('aabec', 'beceb', 0),
	('aadca', 'adbdd', 0),
	('ababb', 'becad', 0),
	('abaca', 'bdabb', 0),
	('abbcb', 'aaeda', 0),
	('abddb', 'bcbbe', 0),
	('abeaa', 'babbc', 0),
	('abeee', 'deaab', 0),
	('acbca', 'abece', 0),
	('acccb', 'bcbae', 0),
	('acdba', 'edaae', 0),
	('acecc', 'eddae', 0),
	('adcba', 'abacb', 0),
	('adcdd', 'beced', 0),
	('addae', 'bdcae', 0),
	('aebbc', 'cedea', 0),
	('aecac', 'edaad', 0),
	('babad', 'deacd', 0),
	('babad', 'ebbec', 0),
	('bbbab', 'bbdab', 0),
	('bbebd', 'ddede', 0),
	('bbeda', 'deaab', 0),
	('bcdbb', 'aacde', 0),
	('bdbae', 'eecdb', 0),
	('becba', 'dbcda', 0),
	('beede', 'cacbc', 0),
	('caaae', 'deaab', 0),
	('cacad', 'abcbe', 0),
	('cacbe', 'cedea', 0),
	('caecb', 'aebcc', 0),
	('caecb', 'dcccd', 0),
	('cbede', 'cedcc', 0),
	('ccaec', 'aadbd', 0),
	('ccccc', 'dcdda', 0),
	('ccddc', 'cacdd', 0),
	('ccebc', 'eccbe', 0),
	('cdadb', 'ddced', 0),
	('ceaca', 'acadd', 0),
	('ceace', 'cccdd', 0),
	('cecad', 'bdbab', 0),
	('cecdd', 'cdeae', 0),
	('cedea', 'ececd', 0),
	('ceebb', 'aebad', 0),
	('dabae', 'aaeda', 0),
	('dbdeb', 'ddadd', 0),
	('dccde', 'ceebb', 0),
	('dcdde', 'eddae', 0),
	('dcebe', 'deead', 0),
	('dceca', 'ecdaa', 0),
	('debad', 'eedcc', 0),
	('deced', 'dbccb', 0),
	('decee', 'dbdac', 0),
	('eadde', 'bcdea', 0),
	('eadee', 'cecce', 0),
	('ebcce', 'eebab', 0),
	('ebede', 'dabac', 0),
	('ecaad', 'aeedc', 0),
	('edbde', 'bcbbb', 0),
	('edcdd', 'cecce', 0),
	('edcdd', 'debeb', 0),
	('edddc', 'edbad', 0),
	('eddde', 'dbdce', 0),
	('edebb', 'cabcd', 0),
	('eeaea', 'ecbbb', 0),
	('eecba', 'ebbbb', 0),
	('eedad', 'bbdab', 0),
	('eedcd', 'ddbba', 0);
/*!40000 ALTER TABLE `usergruppe` ENABLE KEYS */;

-- Exportiere Struktur von Tabelle organisation.userrolle
CREATE TABLE IF NOT EXISTS `userrolle` (
  `useruuid` char(36) NOT NULL,
  `rolleuuid` char(36) NOT NULL,
  `version` int(11) NOT NULL DEFAULT 0,
  PRIMARY KEY (`useruuid`,`rolleuuid`),
  KEY `userrolle-rolle` (`rolleuuid`),
  CONSTRAINT `userrolle-rolle` FOREIGN KEY (`rolleuuid`) REFERENCES `rolle` (`uuid`) ON DELETE CASCADE,
  CONSTRAINT `userrolle-user` FOREIGN KEY (`useruuid`) REFERENCES `user` (`uuid`) ON DELETE CASCADE
) ENGINE=InnoDB DEFAULT CHARSET=utf8;

-- Exportiere Daten aus Tabelle organisation.userrolle: ~0 rows (ungefähr)
/*!40000 ALTER TABLE `userrolle` DISABLE KEYS */;
INSERT INTO `userrolle` (`useruuid`, `rolleuuid`, `version`) VALUES
	('daaad', 'ecdca', 0);
/*!40000 ALTER TABLE `userrolle` ENABLE KEYS */;

/*!40101 SET SQL_MODE=IFNULL(@OLD_SQL_MODE, '') */;
/*!40014 SET FOREIGN_KEY_CHECKS=IF(@OLD_FOREIGN_KEY_CHECKS IS NULL, 1, @OLD_FOREIGN_KEY_CHECKS) */;
/*!40101 SET CHARACTER_SET_CLIENT=@OLD_CHARACTER_SET_CLIENT */;
